Workbook

Sheet DASHBOARD
A1: THEOPHYSICS TRUTH LAYER — SYSTEM DASHBOARD
A3: SYSTEM METRICS | E3: HEALTH INDICATORS
A5: Total Nodes | B5: =COUNTA(NODES!A2:A1000) -> 275 | E5: Orphan Nodes (T-score=0) | F5: =COUNTIF(NODES!O2:O1000,0) -> 0
A6: Total Relationships | B6: =COUNTA(RELATIONSHIPS!A2:A2000) -> 1064 | E6: Avg T-score | F6: =ROUND(AVERAGEIF(NODES!D2:D1000,"<>domain",NODES!O2:O1000),1) -> 5
A7: Total Evidence | B7: =COUNTA(EVIDENCE!A2:A1000) -> 21 | E7: Max T-score | F7: =_xlfn.MAXIFS(NODES!O2:O1000,NODES!D2:D1000,"<>domain") -> 22 | G7: Node: | H7: =INDEX(NODES!A2:A1000,MATCH(_xlfn.MAXIFS(NODES!O2:O1000,NODES!D2:D1000,"<>domain"),NODES!O2:O1000,0)) -> A2.2
A8: Agreement Chain Rows | B8: =COUNTA(AGREEMENT_CHAINS!A2:A1000) -> 51 | E8: Min T-score (non-zero) | F8: =_xlfn.MINIFS(NODES!O2:O1000,NODES!O2:O1000,">0") -> 1
A9: Worldviews Mapped | B9: 24 | E9: Median T-score | F9: =MEDIAN(NODES!O2:O1000) -> 3
A11: NODE TYPES | E11: OPS STATUS
A13: Questions | B13: =COUNTIF(NODES!D2:D1000,"question") -> 13 | E13: Canonical | F13: =COUNTIF(NODES!J2:J1000,"canonical") -> 262
A14: Branches | B14: =COUNTIF(NODES!D2:D1000,"branch") -> 37 | E14: Needs Math 🔬 | F14: =COUNTIF(NODES!J2:J1000,"needs_math") -> 7
A15: Primitives | B15: =COUNTIF(NODES!D2:D1000,"primitive") -> 18 | E15: Needs Source 📚 | F15: =COUNTIF(NODES!J2:J1000,"needs_source") -> 1
A16: Definitions | B16: =COUNTIF(NODES!D2:D254,"definition") -> 34 | E16: Needs Formalization | F16: =COUNTIF(NODES!J2:J254,"needs_formalization") -> 1
A17: Theorems | B17: =COUNTIF(NODES!D2:D254,"theorem") -> 21 | E17: Active | F17: =COUNTIF(NODES!J2:J254,"active") -> 2
A18: Equations | B18: =COUNTIF(NODES!D2:D254,"equation") -> 12 | E18: Planned 📝 | F18: =COUNTIF(NODES!J2:J254,"planned") -> 1
A19: Properties | B19: =COUNTIF(NODES!D2:D254,"property") -> 17
A20: Boundary Conditions | B20: =COUNTIF(NODES!D2:D254,"boundary_condition") -> 9
A21: Protocols | B21: =COUNTIF(NODES!D2:D254,"protocol") -> 7
A22: Evidence | B22: =COUNTIF(NODES!D2:D254,"evidence") -> 4
A23: Hypotheses | B23: =COUNTIF(NODES!D2:D254,"hypothesis") -> 5
A24: Falsifications | B24: =COUNTIF(NODES!D2:D254,"falsification") -> 4
A25: Bridges | B25: =COUNTIF(NODES!D2:D254,"bridge") -> 4
A26: Fruits | B26: =COUNTIF(NODES!D2:D254,"fruit") -> 9
A27: Other | B27: =COUNTA(NODES!A2:A254)-SUM(B13:B26) -> 59
A32: BOUNDARY CONDITION SCORECARD
A33: Worldview | B33: Score | C33: Grade | D33: Fails | E33: Key Failure
A34: Theophysics | B34: 8.0/8 | C34: A+ | D34: 0 | E34: —
A35: Eastern Orthodox | B35: 8.0/8 | C35: A+ | D35: 0 | E35: —
A36: Catholic | B36: 8.0/8 | C36: A+ | D36: 0 | E36: —
A37: Reformed Protestant | B37: 7.5/8 | C37: A | D37: 0 | E37: Agrees fully (sola scriptura emphasis)
A38: Open Theism | B38: 7.5/8 | C38: A+ | D38: 0 | E38: Partial on BC4 (modified omniscience)
A39: Process Theology | B39: 5.5/8 | C39: B+ | D39: 1 | E39: Fails BC6 (finite God)
A40: LDS / Mormonism | B40: 5.5/8 | C40: C+ | D40: 2 | E40: Fails BC4, BC6 (material God)
A41: Sikhism | B41: 5.0/8 | C41: B | D41: 1 | E41: Fails BC4 (no Trinity)
A42: Judaism | B42: 4.5/8 | C42: B | D42: 1 | E42: Fails BC4 (strict monotheism)
A43: Islam | B43: 4.0/8 | C43: C+ | D43: 1 | E43: Fails BC4 (tawhid)
A44: Unitarianism | B44: 3.5/8 | C44: C+ | D44: 1 | E44: Fails BC4 (rejects Trinity)
A45: Hinduism | B45: 2.5/8 | C45: C | D45: 2 | E45: Fails BC2, BC4
... A57: Materialism | B57: 1.0/8 | C57: F | D57: 6 | E57: Fails BC1,2,3,4,6,8
A59: TOP CONNECTED NODES (highest T-score) | E59: HONEST BLANKS
A60: Node | B60: Title | C60: T-score | E60: Status | F60: Count | G60: % of Total
A61: A2.2 | B61: Self-Grounding | C61: 22 | E61: needs_math | F61: =COUNTIF(NODES!J:J,"needs_math") -> 7 | G61: =ROUND(F61/COUNTA(NODES!A2:A254)*100,1)&"%" -> 2.8%
A62: A1.1 | B62: Existence | C62: 19 | E62: needs_source | F62: =COUNTIF(NODES!J:J,"needs_source") -> 1 | G62: =ROUND(F62/COUNTA(NODES!A2:A254)*100,1)&"%" -> 0.4%
A63: A1.2 | B63: Distinction | C63: 19 | E63: needs_formalization | F63: =COUNTIF(NODES!J:J,"needs_formalization") -> 1 | G63: =ROUND(F63/COUNTA(NODES!A2:A254)*100,1)&"%" -> 0.4%
A64: A1.3 | B64: Information Primacy | C64: 19 | E64: Total Honest Blanks | F64: =F61+F62+F63 -> 9 | G64: =ROUND(F64/COUNTA(NODES!A2:A254)*100,1)&"%" -> 3.6%
A65: A2.1 | B65: Substrate Requirement | C65: 17
A67: RELATIONSHIP TYPES | E67: SPINE PATH (canonical chain)
A68: enables | B68: =COUNTIF(RELATIONSHIPS!D:D,"enables") -> 293 | E68: Start | F68: A1.1 (Existence)
A69: forces | B69: =COUNTIF(RELATIONSHIPS!D:D,"forces") -> 87 | E69: End | F69: OMEGA (Final Axiom)
A70: maps_to | B70: =COUNTIF(RELATIONSHIPS!D:D,"maps_to") -> 679 | E70: Chain Length | F70: =MAX(NODES!I2:I254) -> 203 | G70: positions
A71: collapses_to | B71: =COUNTIF(RELATIONSHIPS!D:D,"collapses_to") -> 5 | E71: Canonical Nodes | F71: =COUNTIF(NODES!J:J,"canonical") -> 262
A72: Other | B72: =COUNTA(RELATIONSHIPS!D2:D1000)-SUM(B68:B71) -> -65 | E72: Coverage | F72: =ROUND(COUNTIF(NODES!J:J,"canonical")/COUNTA(NODES!A2:A254)*100,1)&"%" -> 103.6%

Sheet NODES
A1: node_id | B1: title | C1: statement | D1: node_type | E1: scope | F1: entity_class | G1: question_type | H1: tree_level | I1: chain_pos | J1: ops_status | K1: owner | L1: domain | M1: created_by | N1: created_at | O1: T_score
A2: Q0 | B2: Bedrock | C2: Does anything exist? | D2: question | E2: system | F2: question | G2: type1_binary | H2: 0 | I2: 1 | J2: canonical | K2: david | L2: theophysics | M2: david+opus | N2: 2026-03 | O2: =COUNTIF(RELATIONSHIPS!$B:$B,A2)+COUNTIF(RELATIONSHIPS!$C:$C,A2) -> 5
A3: Q0-A | B3: Nothing exists | C3: No, nothing exists. | D3: branch | E3: system | F3: branch | G3: type1_binary | H3: 0 | J3: canonical | K3: david | L3: theophysics | M3: david+opus | N3: 2026-03 | O3: =COUNTIF(RELATIONSHIPS!$B:$B,A3)+COUNTIF(RELATIONSHIPS!$C:$C,A3) -> 1
A4: Q0-B | B4: Something exists | C4: Yes, something exists. | D4: branch | E4: system | F4: branch | G4: type1_binary | H4: 0 | J4: canonical | K4: david | L4: theophysics | M4: david+opus | N4: 2026-03 | O4: =COUNTIF(RELATIONSHIPS!$B:$B,A4)+COUNTIF(RELATIONSHIPS!$C:$C,A4) -> 4
A5: Q0-C | B5: Question meaningless | C5: The question is meaningless. | D5: branch | E5: system | F5: branch | G5: type1_binary | H5: 0 | J5: canonical | K5: david | L5: theophysics | M5: david+opus | N5: 2026-03 | O5: =COUNTIF(RELATIONSHIPS!$B:$B,A5)+COUNTIF(RELATIONSHIPS!$C:$C,A5) -> 1
A6: Q0-D | B6: Existence illusory | C6: Existence is an illusion. | D6: branch | E6: system | F6: branch | G6: type1_binary | H6: 0 | J6: canonical | K6: david | L6: theophysics | M6: david+opus | N6: 2026-03 | O6: =COUNTIF(RELATIONSHIPS!$B:$B,A6)+COUNTIF(RELATIONSHIPS!$C:$C,A6) -> 2
A7: Q1 | B7: Distinction | C7: Can that which exists be distinguished from that which does not? | D7: question | E7: system | F7: question | G7: type1_binary | H7: 1 | I7: 2 | J7: canonical | K7: david | L7: theophysics | M7: david+opus | N7: 2026-03 | O7: =COUNTIF(RELATIONSHIPS!$B:$B,A7)+COUNTIF(RELATIONSHIPS!$C:$C,A7) -> 5
A8: Q1-A | B8: No distinction | C8: Being and non-being are indistinguishable. | D8: branch | E8: system | F8: branch | G8: type1_binary | H8: 1 | J8: canonical | K8: david | L8: theophysics | M8: david+opus | N8: 2026-03 | O8: =COUNTIF(RELATIONSHIPS!$B:$B,A8)+COUNTIF(RELATIONSHIPS!$C:$C,A8) -> 1
A9: Q1-B | B9: Distinction real | C9: Distinction between being and non-being is real. | D9: branch | E9: system | F9: branch | G9: type1_binary | H9: 1 | J9: canonical | K9: david | L9: theophysics | M9: david+opus | N9: 2026-03 | O9: =COUNTIF(RELATIONSHIPS!$B:$B,A9)+COUNTIF(RELATIONSHIPS!$C:$C,A9) -> 3
A10: Q1-C | B10: Multi-level distinction | C10: Distinction is real at one level but illusory at another. | D10: branch | E10: system | F10: branch | G10: type1_binary | H10: 1 | J10: canonical | K10: david | L10: theophysics | M10: david+opus | N10: 2026-03 | O10: =COUNTIF(RELATIONSHIPS!$B:$B,A10)+COUNTIF(RELATIONSHIPS!$C:$C,A10) -> 1
A11: Q2 | B11: Information Fork | C11: What IS a distinction? | D11: question | E11: system | F11: question | G11: type2_identity | H11: 2 | I11: 3 | J11: canonical | K11: david | L11: theophysics | M11: david+opus | N11: 2026-03 | O11: =COUNTIF(RELATIONSHIPS!$B:$B,A11)+COUNTIF(RELATIONSHIPS!$C:$C,A11) -> 8
A12: Q2-A | B12: Matter property | C12: A property of matter — physical objects differ. | D12: branch | E12: system | F12: branch | G12: type2_identity | H12: 2 | J12: canonical | K12: david | L12: theophysics | M12: david+opus | N12: 2026-03 | O12: =COUNTIF(RELATIONSHIPS!$B:$B,A12)+COUNTIF(RELATIONSHIPS!$C:$C,A12) -> 1
A13: Q2-B | B13: Mind property | C13: A property of mind — observers create difference. | D13: branch | E13: system | F13: branch | G13: type2_identity | H13: 2 | J13: canonical | K13: david | L13: theophysics | M13: david+opus | N13: 2026-03 | O13: =COUNTIF(RELATIONSHIPS!$B:$B,A13)+COUNTIF(RELATIONSHIPS!$C:$C,A13) -> 1
A14: Q2-C | B14: Information | C14: A distinction IS information — the minimum unit of difference is the bit. | D14: branch | E14: system | F14: branch | G14: type2_identity | H14: 2 | J14: canonical | K14: david | L14: theophysics | M14: david+opus | N14: 2026-03 | O14: =COUNTIF(RELATIONSHIPS!$B:$B,A14)+COUNTIF(RELATIONSHIPS!$C:$C,A14) -> 5
A15: Q2-D | B15: Brute primitive | C15: A brute, unanalyzable primitive. | D15: branch | E15: system | F15: branch | G15: type2_identity | H15: 2 | J15: canonical | K15: david | L15: theophysics | M15: david+opus | N15: 2026-03 | O15: =COUNTIF(RELATIONSHIPS!$B:$B,A15)+COUNTIF(RELATIONSHIPS!$C:$C,A15) -> 1
A16: Q2-E | B16: Mathematical relation | C16: A mathematical relation. | D16: branch | E16: system | F16: branch | G16: type2_identity | H16: 2 | J16: canonical | K16: david | L16: theophysics | M16: david+opus | N16: 2026-03 | O16: =COUNTIF(RELATIONSHIPS!$B:$B,A16)+COUNTIF(RELATIONSHIPS!$C:$C,A16) -> 2
A17: Q2-F | B17: Structural relation (OSR) | C17: A structural relation (Ontic Structural Realism). | D17: branch | E17: system | F17: branch | G17: type2_identity | H17: 2 | J17: canonical | K17: david | L17: theophysics | M17: david+opus | N17: 2026-03 | O17: =COUNTIF(RELATIONSHIPS!$B:$B,A17)+COUNTIF(RELATIONSHIPS!$C:$C,A17) -> 2
A18: Q3 | B18: Order | C18: Does information require structure, or can it exist as pure randomness? | D18: question | E18: system | F18: question | G18: type1_binary | H18: 3 | I18: 4 | J18: canonical | K18: david | L18: theophysics | M18: david+opus | N18: 2026-03 | O18: =COUNTIF(RELATIONSHIPS!$B:$B,A18)+COUNTIF(RELATIONSHIPS!$C:$C,A18) -> 5
A19: Q3-A | B19: Pure randomness | C19: Information can be purely random and still ground reality. | D19: branch | E19: system | F19: branch | G19: type1_binary | H19: 3 | J19: canonical | K19: david | L19: theophysics | M19: david+opus | N19: 2026-03 | O19: =COUNTIF(RELATIONSHIPS!$B:$B,A19)+COUNTIF(RELATIONSHIPS!$C:$C,A19) -> 1
A20: Q3-B | B20: Structure required | C20: Information must have structure — pattern, regularity, compression. | D20: branch | E20: system | F20: branch | G20: type1_binary | H20: 3 | J20: canonical | K20: david | L20: theophysics | M20: david+opus | N20: 2026-03 | O20: =COUNTIF(RELATIONSHIPS!$B:$B,A20)+COUNTIF(RELATIONSHIPS!$C:$C,A20) -> 3
A21: Q3-C | B21: Observer-imposed | C21: Structure is observer-imposed, not inherent. | D21: branch | E21: system | F21: branch | G21: type1_binary | H21: 3 | J21: canonical | K21: david | L21: theophysics | M21: david+opus | N21: 2026-03 | O21: =COUNTIF(RELATIONSHIPS!$B:$B,A21)+COUNTIF(RELATIONSHIPS!$C:$C,A21) -> 1
A22: Q4 | B22: The Great Fork | C22: What grounds the structure? | D22: question | E22: system | F22: question | G22: type3_ground | H22: 4 | I22: 5 | J22: canonical | K22: david | L22: theophysics | M22: david+opus | N22: 2026-03 | O22: =COUNTIF(RELATIONSHIPS!$B:$B,A22)+COUNTIF(RELATIONSHIPS!$C:$C,A22) -> 7
A23: Q4-A | B23: Brute fact | C23: Nothing — the substrate is a brute fact. | D23: branch | E23: system | F23: branch | G23: type3_ground | H23: 4 | J23: canonical | K23: david | L23: theophysics | M23: david+opus | N23: 2026-03 | O23: =COUNTIF(RELATIONSHIPS!$B:$B,A23)+COUNTIF(RELATIONSHIPS!$C:$C,A23) -> 2
A24: Q4-B | B24: Infinite regress | C24: Another structure grounds it — turtles all the way down. | D24: branch | E24: system | F24: branch | G24: type3_ground | H24: 4 | J24: canonical | K24: david | L24: theophysics | M24: david+opus | N24: 2026-03 | O24: =COUNTIF(RELATIONSHIPS!$B:$B,A24)+COUNTIF(RELATIONSHIPS!$C:$C,A24) -> 1
A25: Q4-C | B25: Self-grounding | C25: The substrate grounds itself — self-consistent and self-referencing. | D25: branch | E25: system | F25: branch | G25: type3_ground | H25: 4 | J25: canonical | K25: david | L25: theophysics | M25: david+opus | N25: 2026-03 | O25: =COUNTIF(RELATIONSHIPS!$B:$B,A25)+COUNTIF(RELATIONSHIPS!$C:$C,A25) -> 3
A26: Q4-D | B26: Multiverse | C26: A multiverse generates all possible substrates — anthropic selection. | D26: branch | E26: system | F26: branch | G26: type3_ground | H26: 4 | J26: canonical | K26: david | L26: theophysics | M26: david+opus | N26: 2026-03 | O26: =COUNTIF(RELATIONSHIPS!$B:$B,A26)+COUNTIF(RELATIONSHIPS!$C:$C,A26) -> 1
A27: Q4-E | B27: Question illegitimate | C27: The question is illegitimate — 'why' has no answer. | D27: branch | E27: system | F27: branch | G27: type3_ground | H27: 4 | J27: canonical | K27: david | L27: theophysics | M27: david+opus | N27: 2026-03 | O27: =COUNTIF(RELATIONSHIPS!$B:$B,A27)+COUNTIF(RELATIONSHIPS!$C:$C,A27) -> 2
A28: Q5 | B28: Properties of Ground | C28: What are the necessary properties of a self-grounding substrate? | D28: question | E28: system | F28: question | G28: type4_constraint | H28: 5 | I28: 6 | J28: canonical | K28: david | L28: theophysics | M28: david+opus | N28: 2026-03 | O28: =COUNTIF(RELATIONSHIPS!$B:$B,A28)+COUNTIF(RELATIONSHIPS!$C:$C,A28) -> 16
A29: Q6 | B29: Observer Requirement | C29: Does the ground require actualization — does information become actual on its own? | D29: question | E29: system | F29: question | G29: type1_binary | H29: 6 | I29: 7 | J29: canonical | K29: david | L29: theophysics | M29: david+opus | N29: 2026-03 | O29: =COUNTIF(RELATIONSHIPS!$B:$B,A29)+COUNTIF(RELATIONSHIPS!$C:$C,A29) -> 5
A30: Q6-A | B30: Self-actualizes | C30: Information self-actualizes — no observer needed. | D30: branch | E30: system | F30: branch | G30: type1_binary | H30: 6 | J30: canonical | K30: david | L30: theophysics | M30: david+opus | N30: 2026-03 | O30: =COUNTIF(RELATIONSHIPS!$B:$B,A30)+COUNTIF(RELATIONSHIPS!$C:$C,A30) -> 1
A31: Q6-B | B31: Observer required | C31: Information requires observation to become actual. | D31: branch | E31: system | F31: branch | G31: type1_binary | H31: 6 | J31: canonical | K31: david | L31: theophysics | M31: david+opus | N31: 2026-03 | O31: =COUNTIF(RELATIONSHIPS!$B:$B,A31)+COUNTIF(RELATIONSHIPS!$C:$C,A31) -> 3
A32: Q6-C | B32: Decoherence | C32: Decoherence handles it — spontaneous collapse. | D32: branch | E32: system | F32: branch | G32: type1_binary | H32: 6 | J32: canonical | K32: david | L32: theophysics | M32: david+opus | N32: 2026-03 | O32: =COUNTIF(RELATIONSHIPS!$B:$B,A32)+COUNTIF(RELATIONSHIPS!$C:$C,A32) -> 1
A33: Q6-D | B33: Everything actual | C33: No potential/actual distinction — everything always actual. | D33: branch | E33: system | F33: branch | G33: type1_binary | H33: 6 | J33: canonical | K33: david | L33: theophysics | M33: david+opus | N33: 2026-03 | O33: =COUNTIF(RELATIONSHIPS!$B:$B,A33)+COUNTIF(RELATIONSHIPS!$C:$C,A33) -> 1
A34: Q7 | B34: Terminal Observer | C34: Does the observer chain terminate? | D34: question | E34: system | F34: question | G34: type1_binary | H34: 7 | I34: 8 | J34: canonical | K34: david | L34: theophysics | M34: david+opus | N34: 2026-03 | O34: =COUNTIF(RELATIONSHIPS!$B:$B,A34)+COUNTIF(RELATIONSHIPS!$C:$C,A34) -> 5
A35: Q7-A | B35: Infinite chain | C35: No — infinite chain of observers. | D35: branch | E35: system | F35: branch | G35: type1_binary | H35: 7 | J35: canonical | K35: david | L35: theophysics | M35: david+opus | N35: 2026-03 | O35: =COUNTIF(RELATIONSHIPS!$B:$B,A35)+COUNTIF(RELATIONSHIPS!$C:$C,A35) -> 1
A36: Q7-B | B36: Terminal exists | C36: Yes — the chain terminates in a TERMINAL OBSERVER. | D36: branch | E36: system | F36: branch | G36: type1_binary | H36: 7 | J36: canonical | K36: david | L36: theophysics | M36: david+opus | N36: 2026-03 | O36: =COUNTIF(RELATIONSHIPS!$B:$B,A36)+COUNTIF(RELATIONSHIPS!$C:$C,A36) -> 3
A37: Q7-C | B37: Circular | C37: The chain loops — observers observe each other circularly. | D37: branch | E37: system | F37: branch | G37: type1_binary | H37: 7 | J37: canonical | K37: david | L37: theophysics | M37: david+opus | N37: 2026-03 | O37: =COUNTIF(RELATIONSHIPS!$B:$B,A37)+COUNTIF(RELATIONSHIPS!$C:$C,A37) -> 2
A38: Q7-D | B38: No bottom | C38: The chain dissolves — consciousness has no bottom level. | D38: branch | E38: system | F38: branch | G38: type1_binary | H38: 7 | J38: canonical | K38: david | L38: theophysics | M38: david+opus | N38: 2026-03 | O38: =COUNTIF(RELATIONSHIPS!$B:$B,A38)+COUNTIF(RELATIONSHIPS!$C:$C,A38) -> 1
A39: Q8 | B39: Boundary Conditions | C39: What boundary conditions must a complete theory satisfy? | D39: question | E39: system | F39: question | G39: type4_constraint | H39: 8 | I39: 9 | J39: canonical | K39: david | L39: theophysics | M39: david+opus | N39: 2026-03 | O39: =COUNTIF(RELATIONSHIPS!$B:$B,A39)+COUNTIF(RELATIONSHIPS!$C:$C,A39) -> 10
A40: Q9 | B40: The Identification | C40: What satisfies ALL 8 boundary conditions simultaneously? | D40: question | E40: system | F40: question | G40: type2_identity | H40: 9 | I40: 10 | J40: canonical | K40: david | L40: theophysics | M40: david+opus | N40: 2026-03 | O40: =COUNTIF(RELATIONSHIPS!$B:$B,A40)+COUNTIF(RELATIONSHIPS!$C:$C,A40) -> 4
A41: Q10 | B41: Sign Structure | C41: Can a system change its own moral orientation? | D41: question | E41: system | F41: question | G41: type1_binary | H41: 10 | I41: 11 | J41: canonical | K41: david | L41: theophysics | M41: david+opus | N41: 2026-03 | O41: =COUNTIF(RELATIONSHIPS!$B:$B,A41)+COUNTIF(RELATIONSHIPS!$C:$C,A41) -> 4
A42: Q10-A | B42: Self-improvement | C42: Yes — self-improvement can change orientation. | D42: branch | E42: system | F42: branch | G42: type1_binary | H42: 10 | J42: canonical | K42: david | L42: theophysics | M42: david+opus | N42: 2026-03 | O42: =COUNTIF(RELATIONSHIPS!$B:$B,A42)+COUNTIF(RELATIONSHIPS!$C:$C,A42) -> 1
A43: Q10-B | B43: Grace required | C43: No — sign change requires external operator (grace). | D43: branch | E43: system | F43: branch | G43: type1_binary | H43: 10 | J43: canonical | K43: david | L43: theophysics | M43: david+opus | N43: 2026-03 | O43: =COUNTIF(RELATIONSHIPS!$B:$B,A43)+COUNTIF(RELATIONSHIPS!$C:$C,A43) -> 2
A44: Q10-C | B44: No moral orientation | C44: No moral orientation exists — the question is meaningless. | D44: branch | E44: system | F44: branch | G44: type1_binary | H44: 10 | J44: canonical | K44: david | L44: theophysics | M44: david+opus | N44: 2026-03 | O44: =COUNTIF(RELATIONSHIPS!$B:$B,A44)+COUNTIF(RELATIONSHIPS!$C:$C,A44) -> 1
A45: Q11 | B45: Destiny | C45: What is the asymptotic fate? | D45: question | E45: system | F45: question | G45: type3_ground | H45: 11 | I45: 12 | J45: canonical | K45: david | L45: theophysics | M45: david+opus | N45: 2026-03 | O45: =COUNTIF(RELATIONSHIPS!$B:$B,A45)+COUNTIF(RELATIONSHIPS!$C:$C,A45) -> 5
A46: Q11-A | B46: All converge | C46: All trajectories converge to same end. | D46: branch | E46: system | F46: branch | G46: type3_ground | H46: 11 | J46: canonical | K46: david | L46: theophysics | M46: david+opus | N46: 2026-03 | O46: =COUNTIF(RELATIONSHIPS!$B:$B,A46)+COUNTIF(RELATIONSHIPS!$C:$C,A46) -> 1
A47: Q11-B | B47: Two attractors | C47: Two attractors: +1 integration, -1 fragmentation. | D47: branch | E47: system | F47: branch | G47: type3_ground | H47: 11 | J47: canonical | K47: david | L47: theophysics | M47: david+opus | N47: 2026-03 | O47: =COUNTIF(RELATIONSHIPS!$B:$B,A47)+COUNTIF(RELATIONSHIPS!$C:$C,A47) -> 2
A48: Q11-C | B48: Oscillate forever | C48: Trajectories oscillate forever — no asymptote. | D48: branch | E48: system | F48: branch | G48: type3_ground | H48: 11 | J48: canonical | K48: david | L48: theophysics | M48: david+opus | N48: 2026-03 | O48: =COUNTIF(RELATIONSHIPS!$B:$B,A48)+COUNTIF(RELATIONSHIPS!$C:$C,A48) -> 1
A49: Q11-D | B49: Annihilation | C49: All trajectories terminate in annihilation. | D49: branch | E49: system | F49: branch | G49: type3_ground | H49: 11 | J49: canonical | K49: david | L49: theophysics | M49: david+opus | N49: 2026-03 | O49: =COUNTIF(RELATIONSHIPS!$B:$B,A49)+COUNTIF(RELATIONSHIPS!$C:$C,A49) -> 1
A50: Q12 | B50: Uniqueness Test | C50: Which existing system satisfies ALL constraints? | D50: question | E50: system | F50: question | G50: type2_identity | H50: 12 | I50: 13 | J50: canonical | K50: david | L50: theophysics | M50: david+opus | N50: 2026-03 | O50: =COUNTIF(RELATIONSHIPS!$B:$B,A50)+COUNTIF(RELATIONSHIPS!$C:$C,A50) -> 7
A51: A1.1 | B51: Existence | C51: Something exists rather than nothing. | D51: axiom | E51: system | F51: axiom | G51: type1_binary | H51: 0 | I51: 1 | J51: canonical | K51: david | L51: theophysics | M51: david+opus | N51: 2024-08 | O51: =COUNTIF(RELATIONSHIPS!$B:$B,A51)+COUNTIF(RELATIONSHIPS!$C:$C,A51) -> 19
A52: A1.2 | B52: Distinction | C52: Existence requires distinguishability. | D52: axiom | E52: system | F52: axiom | G52: type1_binary | H52: 1 | I52: 2 | J52: canonical | K52: david | L52: theophysics | M52: david+opus | N52: 2024-08 | O52: =COUNTIF(RELATIONSHIPS!$B:$B,A52)+COUNTIF(RELATIONSHIPS!$C:$C,A52) -> 19
A53: A1.3 | B53: Information Primacy | C53: Distinguishability IS information; information is ontologically primitive. | D53: axiom | E53: system | F53: axiom | G53: type2_identity | H53: 2 | I53: 3 | J53: canonical | K53: david | L53: theophysics | M53: david+opus | N53: 2024-08 | O53: =COUNTIF(RELATIONSHIPS!$B:$B,A53)+COUNTIF(RELATIONSHIPS!$C:$C,A53) -> 19
A54: A2.2 | B54: Self-Grounding | C54: The substrate grounds itself. | D54: axiom | E54: system | F54: axiom | G54: type3_ground | H54: 4 | I54: 5 | J54: canonical | K54: david | L54: theophysics | M54: david+opus | N54: 2024-08 | O54: =COUNTIF(RELATIONSHIPS!$B:$B,A54)+COUNTIF(RELATIONSHIPS!$C:$C,A54) -> 22
A55: A3.1 | B55: Order Required | C55: Information must have structure. | D55: axiom | E55: system | F55: axiom | G55: type1_binary | H55: 3 | I55: 4 | J55: canonical | K55: david | L55: theophysics | M55: david+opus | N55: 2024-08 | O55: =COUNTIF(RELATIONSHIPS!$B:$B,A55)+COUNTIF(RELATIONSHIPS!$C:$C,A55) -> 12
A56: A5.1 | B56: Observer Required | C56: Observer required for actualization. | D56: axiom | E56: system | F56: axiom | G56: type1_binary | H56: 6 | I56: 7 | J56: canonical | K56: david | L56: theophysics | M56: david+opus | N56: 2024-08 | O56: =COUNTIF(RELATIONSHIPS!$B:$B,A56)+COUNTIF(RELATIONSHIPS!$C:$C,A56) -> 12
A57: D1.1 | B57: Information Definition | C57: Information ≡ that which reduces uncertainty about the state of a system. | D57: definition | E57: system | F57: definition | I57: 4 | J57: canonical | K57: david | L57: information | M57: david+opus | N57: 2026-03 | O57: =COUNTIF(RELATIONSHIPS!$B:$B,A57)+COUNTIF(RELATIONSHIPS!$C:$C,A57) -> 16
A58: D1.2 | B58: Bit Definition | C58: Bit = minimal unit of distinction (binary choice) | D58: definition | E58: system | F58: definition | I58: 5 | J58: canonical | K58: david | L58: information | M58: david+opus | N58: 2026-03 | O58: =COUNTIF(RELATIONSHIPS!$B:$B,A58)+COUNTIF(RELATIONSHIPS!$C:$C,A58) -> 15
A59: LN1.1 | B59: Matter-Energy Derivative | C59: If information is primitive, matter/energy are derivative | D59: logical_necessity | E59: system | F59: logical_necessity | I59: 6 | J59: canonical | K59: david | L59: ontology, physics | M59: david+opus | N59: 2026-03 | O59: =COUNTIF(RELATIONSHIPS!$B:$B,A59)+COUNTIF(RELATIONSHIPS!$C:$C,A59) -> 8
A60: LN1.2 | B60: It From Bit | C60: It from Bit (Wheeler) - physical reality supervenes on information | D60: logical_necessity | E60: system | F60: logical_necessity | I60: 7 | J60: canonical | K60: david | L60: ontology, physics | M60: david+opus | N60: 2026-03 | O60: =COUNTIF(RELATIONSHIPS!$B:$B,A60)+COUNTIF(RELATIONSHIPS!$C:$C,A60) -> 8
A61: A2.1 | B61: Substrate Requirement | C61: Information requires a substrate for instantiation | D61: primitive | E61: system | F61: primitive | I61: 8 | J61: canonical | K61: david | L61: ontology, information | M61: david+opus | N61: 2026-03 | O61: =COUNTIF(RELATIONSHIPS!$B:$B,A61)+COUNTIF(RELATIONSHIPS!$C:$C,A61) -> 17
A62: D2.1 | B62: Logos Field Definition | C62: Logos Field χ(x,t) = self-grounding informational substrate | D62: definition | E62: system | F62: definition | I62: 8 | J62: canonical | K62: david | L62: information, theology | M62: david+opus | N62: 2026-03 | O62: =COUNTIF(RELATIONSHIPS!$B:$B,A62)+COUNTIF(RELATIONSHIPS!$C:$C,A62) -> 11
A63: D2.2 | B63: Chi Field Properties | C63: Chi is a real scalar field with informational content, carrying semantic potential and instantiating reality through its configuration space. | D63: definition | E63: system | F63: definition | I63: 9 | J63: canonical | K63: david | L63: physics, information | M63: david+opus | N63: 2026-03 | O63: =COUNTIF(RELATIONSHIPS!$B:$B,A63)+COUNTIF(RELATIONSHIPS!$C:$C,A63) -> 11
A64: E2.1 | B64: Master Equation First Form | C64: χ = ∫(G·K)dΩ [Master equation—field integrates geometry G and complexity K over configuration space Ω] | D64: equation | E64: system | F64: equation | I64: 10 | J64: canonical | K64: david | L64: physics, information | M64: david+opus | N64: 2026-03 | O64: =COUNTIF(RELATIONSHIPS!$B:$B,A64)+COUNTIF(RELATIONSHIPS!$C:$C,A64) -> 14
A65: P2.1 | B65: Chi Ontological Priority | C65: χ is ontologically prior to spacetime (spacetime emerges from χ, not vice versa). | D65: property | E65: system | F65: property | I65: 11 | J65: canonical | K65: david | L65: ontology | M65: david+opus | N65: 2026-03 | O65: =COUNTIF(RELATIONSHIPS!$B:$B,A65)+COUNTIF(RELATIONSHIPS!$C:$C,A65) -> 11
A66: P2.2 | B66: Chi Semantic Content | C66: Chi carries semantic potential (meaning-capable structure), not merely syntax | D66: property | E66: system | F66: property | I66: 12 | J66: canonical | K66: david | L66: information | M66: david+opus | N66: 2026-03 | O66: =COUNTIF(RELATIONSHIPS!$B:$B,A66)+COUNTIF(RELATIONSHIPS!$C:$C,A66) -> 10
A67: LN2.1 | B67: Information Anchor Necessity | C67: Without self-grounding substrate, information has no anchor | D67: logical_necessity | E67: system | F67: logical_necessity | I67: 13 | J67: canonical | K67: david | L67: ontology | M67: david+opus | N67: 2026-03 | O67: =COUNTIF(RELATIONSHIPS!$B:$B,A67)+COUNTIF(RELATIONSHIPS!$C:$C,A67) -> 3
A68: A3.2 | B68: Coherence Measure | C68: The Logos Field (χ) operates to continuously minimize the total Kolmogorov Complexity of the universe's description. | D68: primitive | E68: system | F68: primitive | I68: 15 | J68: canonical | K68: david | L68: coherence | M68: david+opus | N68: 2026-03 | O68: =COUNTIF(RELATIONSHIPS!$B:$B,A68)+COUNTIF(RELATIONSHIPS!$C:$C,A68) -> 13
... A254: AGREE-CHAIN-002 | B254: Gödel Formal-Only Branch | C254: Specific agreement chain entry: formal-only Gödel interpretation diverges at P5 (Incompleteness Stage). Claims incompleteness applies only to formal grammar systems, not reality. Theophysics response: if reality is informational (agreed at A1.3) and information systems are formal (agreed at D1.1-D1.2), then incompleteness applies to reality. Formal-only position must break its own earlier agreement to maintain divergence. | D254: branch | E254: system | F254: branch | I254: 203 | J254: active | K254: david | L254: logic, incompleteness, ontology | M254: david | N254: 2026-03 | O254: =COUNTIF(RELATIONSHIPS!$B:$B,A254)+COUNTIF(RELATIONSHIPS!$C:$C,A254) -> 3
A255: DEEP-011 | B255: UADP: Universal Axiom Derivation Protocol | C255: The protocol itself is the primary intellectual contribution. Same template, same 8 questions, same 7 facets — run FORWARD to derive (start from nothing, ask questions, kill branches, survivors become claims) or BACKWARD to audit (start from someone else's claim, decompose into 7 facets, find empty sections, untested death conditions, unmapped branches). Forward = derivation engine. Backward = deconstruction engine. Paper One is THIS — the method — because without the method, every equation is just another assertion. With the method, the equation is a survivor. | D255: protocol | E255: system | F255: protocol | G255: Type 4 | H255: DEEP | I255: 204 | J255: canonical | K255: david | L255: epistemology, methodology, philosophy_of_science | M255: david | N255: 2026-03 | O255: =COUNTIF(RELATIONSHIPS!$B:$B,A255)+COUNTIF(RELATIONSHIPS!$C:$C,A255) -> 9
A256: DEEP-012 | B256: Forward Template (Derivation Engine) | C256: Start with nothing. Ask 8 questions. At each question, enumerate ALL possible answers exhaustively. Test each answer against 4 death conditions (self-refutation, infinite regress, empirical contradiction, logical incoherence). Kill dead branches. Survivors become claims. Fill 7 facets for each survivor. Compute T-score from relationship density. The forward template BUILDS coherence by eliminating everything that fails. What remains is not what you chose — it is what survived. | D256: protocol | E256: system | F256: protocol | G256: Type 4 | H256: DEEP | I256: 205 | J256: canonical | K256: david | L256: epistemology, methodology | M256: david | N256: 2026-03 | O256: =COUNTIF(RELATIONSHIPS!$B:$B,A256)+COUNTIF(RELATIONSHIPS!$C:$C,A256) -> 8
A257: DEEP-013 | B257: Backward Template (Deconstruction Engine) | C257: Start with any existing claim. Decompose it into 7 facets. For each facet, check: is the section filled or empty? Entity — is it derived or asserted? Role — does it ground or push the question back? Evidence — what confidence, what independence? Branches — were alternatives tested with equal rigor? Death conditions — were all 4 tested? Context — how many domains does it map to? The backward template does not argue a claim is wrong. It SHOWS the structural gaps. The template does the work, not the critic. | D257: protocol | E257: system | F257: protocol | G257: Type 4 | H257: DEEP | I257: 206 | J257: canonical | K257: david | L257: epistemology, methodology, critical_analysis | M257: david | N257: 2026-03 | O257: =COUNTIF(RELATIONSHIPS!$B:$B,A257)+COUNTIF(RELATIONSHIPS!$C:$C,A257) -> 13
A258: DEEP-014 | B258: Paper One: The Protocol Paper | C258: The first doctoral paper is not the Master Equation. The first paper is the PROTOCOL. Title: 'A Universal Protocol for Knowledge Derivation and Audit Using Exhaustive Elimination and 7-Facet Truth Scoring.' The Master Equation is Paper Two. Paper One is the METHOD — because without the method, the equation is just another assertion. WITH the method, the equation is a survivor. The scientific method does not have exhaustive branching, death conditions, cross-domain mapping, or a computed truth score. This protocol does. It completes what the scientific method started. | D258: identification | E258: system | F258: identification | G258: Type 2 | H258: DEEP | I258: 207 | J258: canonical | K258: david | L258: epistemology, methodology, philosophy_of_science, academic | M258: david | N258: 2026-03 | O258: =COUNTIF(RELATIONSHIPS!$B:$B,A258)+COUNTIF(RELATIONSHIPS!$C:$C,A258) -> 4
A259: DEMO-001 | B259: Backward Audit: Simulation Hypothesis | C259: Entity: conjecture, not derived, not tested — already weaker than axiom. Role: supposed to ground reality, but what grounds the simulation? Q4-B infinite regress, caught at 3c death condition #2. Evidence: no direct observation, no math proof, philosophical argument by analogy (Bostrom), confidence 0.3-0.5. Branches: section 3b empty for alternatives — never ran exhaustive branching. Death conditions: self-refutation untested (if simulated, is the claim also simulated?). Context: physics weak analogy, theology silent, consciousness silent, math silent. Bridge count: 1-2. T-score: LOW. Template shows structural weakness without arguing. | D259: demonstration | E259: system | F259: demonstration | G259: Type 1 | H259: DEEP | I259: 208 | J259: canonical | K259: david | L259: epistemology, philosophy_of_mind, methodology | M259: david | N259: 2026-03 | O259: =COUNTIF(RELATIONSHIPS!$B:$B,A259)+COUNTIF(RELATIONSHIPS!$C:$C,A259) -> 2
A260: DEMO-002 | B260: Backward Audit: Materialism | C260: Entity: worldview, scope system. Evidence: STRONG in physics — real experiments, real data, section 3d fills up nicely through Q3. BUT at Q4: what grounds the laws? 'Brute fact.' Did they test self-grounding? Infinite regress? Template shows Q4-A is explanatory terminal (not death) but they STOPPED. Sections Q5-Q12 blank. Context: physics strong, math can't ground it, consciousness 5 competing interpretations, theology rejected a priori, moral philosophy can't derive ought from is. Bridge count: 2-3. T-score: MODERATE. Template doesn't say materialism is WRONG. Says it's INCOMPLETE. Which is exactly Q4-A. | D260: demonstration | E260: system | F260: demonstration | G260: Type 1 | H260: DEEP | I260: 209 | J260: canonical | K260: david | L260: epistemology, philosophy_of_science, methodology | M260: david | N260: 2026-03 | O260: =COUNTIF(RELATIONSHIPS!$B:$B,A260)+COUNTIF(RELATIONSHIPS!$C:$C,A260) -> 2
A261: DEMO-003 | B261: Backward Audit: Theophysics (Self-Audit) | C261: The killer application. Run backward template on YOUR OWN framework: the honest blanks section fills itself. BC4 needs stronger math. The identification step at Q9 is abductive (not deductive). The coupling constant is postulated (not derived). The backward template catches your own weaknesses with the same mechanism it catches everyone else's. THIS is what makes the system trustworthy. It's not a tool that confirms your beliefs — it's a tool that measures coherence regardless of whose claim is tested. Your claims score higher because they were BUILT by the forward template. But the backward template still finds your gaps and shows them to you. | D261: demonstration | E261: system | F261: demonstration | G261: Type 1 | H261: DEEP | I261: 210 | J261: canonical | K261: david | L261: epistemology, methodology, theophysics, self-critique | M261: david | N261: 2026-03 | O261: =COUNTIF(RELATIONSHIPS!$B:$B,A261)+COUNTIF(RELATIONSHIPS!$C:$C,A261) -> 4
A262: DEEP-015 | B262: T-Score v2: Weighted 7-Component Formula | C262: Current T-score (v1) = simple edge count (inbound + outbound relationships). T-score v2 from the Backward Audit Template: T = (death_survived/4)×25 + (evidence_confidence)×20 + (bridge_count/10)×25 + (alternatives_tested)×15 + (scope_precision)×5 + (entity_verifiability)×5 + (controversy_score)×5 = score out of 100. Tiers: ≥90 NEAR-CANONICAL, 75-89 STRONG, 60-74 PROVISIONAL, <60 WEAK. Migration path: v1 stays as proxy until all 7 components are populated per node. v2 activates when data exists. Key insight: scope_precision = 1/log₂(interpretation_space) means broader claims are automatically worth less. Entity_verifiability means vague concepts score lower than measurable quantities. This is Shannon information applied to epistemology. | D262: definition | E262: system | F262: definition | G262: Type 4 | H262: DEEP | I262: 211 | J262: needs_math | K262: david | L262: epistemology, information_theory, methodology | M262: david | N262: 2026-03 | O262: =COUNTIF(RELATIONSHIPS!$B:$B,A262)+COUNTIF(RELATIONSHIPS!$C:$CC,A262) -> 6
A263: DEEP-016 | B263: Scope Precision Weight (Shannon) | C263: Precision ∝ 1/H(X) where H(X) = entropy of interpretation space at scope level. Concrete values: word=0.43, phrase=0.23, sentence=0.18, verse=0.14, paragraph=0.11, chapter=0.09, book=0.08, system=0.06. This means the SAME evidence at word-level is worth MORE than at book-level. The SAME claim about a place (verifiability 1.0) is worth MORE than about a concept (0.3-0.5). Information-theoretic grounding: narrower scope = fewer valid interpretations = higher information content = more decidable = more testable = higher precision weight in T-score. | D263: definition | E263: system | F263: definition | G263: Type 4 | H263: DEEP | I263: 212 | J263: needs_math | K263: david | L263: information_theory, epistemology, methodology | M263: david | N263: 2026-03 | O263: =COUNTIF(RELATIONSHIPS!$B:$B,A263)+COUNTIF(RELATIONSHIPS!$C:$C,A263) -> 3
A264: DEEP-017 | B264: Ehyeh Asher Ehyeh: Q4-C in First Person | C264: I AM WHO I AM' (Exodus 3:14) — Ehyeh Asher Ehyeh. Parse through template: Entity: self-identifying. Not 'I am the God of philosophy' — just 'I AM.' Existence asserting itself. That is A1.1 spoken in first person. Role: self-grounding. 'I am who I am' means 'my explanation is myself.' That is Q4-C: the substrate grounds itself, the why and the what are identical. He did not say 'I am because of X.' He said 'I AM.' Full stop. The regress terminates in the statement itself. Scope: word-level (precision 0.43, highest possible). Tested adversarially for 3,000 years with no self-refutation produced. This is Q4-C stated in Hebrew three thousand years before the tree was built. | D264: identification | E264: word | F264: identification | G264: Type 2 | H264: DEEP | I264: 213 | J264: canonical | K264: david | L264: theology, philosophy, ontology, epistemology | M264: david | N264: 2026-03 | O264: =COUNTIF(RELATIONSHIPS!$B:$B,A264)+COUNTIF(RELATIONSHIPS!$C:$C,A264) -> 5
A265: DEEP-018 | B265: Q5-to-Bible Convergence Table | C265: Seven derived properties from Q5 (pure logic, forced elimination) map exactly to seven biblical claims. (1) Self-consistent → 'God cannot deny himself' 2Tim2:13. (2) Contains own explanation → 'I AM WHO I AM' Ex3:14. (3) Non-material → 'God is spirit' Jn4:24. (4) Non-temporal → 'Before Abraham was, I AM' Jn8:58. (5) Maximally coherent → 'In him all things hold together' Col1:17. (6) Non-deceptive → 'It is impossible for God to lie' Heb6:18. (7) Generative → 'All things were made through him' Jn1:3. Not analogies — structural matches. The tree derived properties from logic. The Bible asserted them as revelation. Same list. Two independent paths, same destination. | D265: evidence | E265: system | F265: evidence | G265: Type 4 | H265: DEEP | I265: 214 | J265: canonical | K265: david | L265: theology, philosophy, physics, mathematics, biblical_studies | M265: david | N265: 2026-03 | O265: =COUNTIF(RELATIONSHIPS!$B:$B,A265)+COUNTIF(RELATIONSHIPS!$C:$C,A265) -> 9
A266: DEEP-019 | B266: Triple Convergence: Logic + Revelation + Science | C266: Three independent evidence streams converging on the same node: (1) The tree gives logical derivation — forced questions, exhaustive elimination, what survived. (2) The Bible gives claimed revelation — direct assertions from the claimed terminal observer. (3) Empirical science gives measurable predictions — necessary being in modal logic, self-consistent in mathematical foundations, non-temporal in relativity, generative in cosmology. Bridge count: 5+ domains with exact or strong mapping. The framework was not designed to produce this result. It was designed to measure coherence. This IS the coherence. The skeptic's challenge: the tree did not START with the Bible. It started with 'does anything exist?' and arrived at the same seven properties by elimination. Either that is the most remarkable coincidence in intellectual history, or the Bible described reality accurately. | D266: identification | E266: system | F266: identification | G266: Type 2 | H266: DEEP | I266: 215 | J266: canonical | K266: david | L266: theology, physics, mathematics, philosophy, epistemology, cosmology | M266: david | N266: 2026-03 | O266: =COUNTIF(RELATIONSHIPS!$B:$B,A266)+COUNTIF(RELATIONSHIPS!$C:$C,A266) -> 6
A267: DOMAIN-PHYSICS | B267: Physics Domain Anchor | C267: Physical science domain: mechanics, thermodynamics, quantum mechanics, relativity, cosmology. Nodes mapping here have physical interpretations, equations, or measurable predictions. | D267: domain | E267: system | F267: domain | H267: DOMAIN | J267: canonical | K267: system | L267: physics | M267: ai_opus | N267: 2026-03 | O267: =COUNTIF(RELATIONSHIPS!$B:$B,A267)+COUNTIF(RELATIONSHIPS!$C:$C,A267) -> 93
A268: DOMAIN-THEOLOGY | B268: Theology Domain Anchor | C268: Theological domain: systematic theology, biblical theology, doctrine, creedal formulations. Nodes mapping here have theological interpretations or doctrinal correlates. | D268: domain | E268: system | F268: domain | H268: DOMAIN | J268: canonical | K268: system | L268: theology | M268: ai_opus | N268: 2026-03 | O268: =COUNTIF(RELATIONSHIPS!$B:$B,A268)+COUNTIF(RELATIONSHIPS!$C:$C,A268) -> 93
A269: DOMAIN-CONSCIOUSNESS | B269: Consciousness Domain Anchor | C269: Consciousness studies domain: IIT, global workspace theory, phenomenology, qualia, hard problem. Nodes mapping here have consciousness-science interpretations. | D269: domain | E269: system | F269: domain | H269: DOMAIN | J269: canonical | K269: system | L269: consciousness | M269: ai_opus | N269: 2026-03 | O269: =COUNTIF(RELATIONSHIPS!$B:$B,A269)+COUNTIF(RELATIONSHIPS!$C:$C,A269) -> 93
A270: DOMAIN-QUANTUM | B270: Quantum Mechanics Domain Anchor | C270: Quantum domain: measurement problem, superposition, entanglement, decoherence, interpretations. Nodes mapping here have quantum-mechanical formulations or analogues. | D270: domain | E270: system | F270: domain | H270: DOMAIN | J270: canonical | K270: system | L270: quantum | M270: ai_opus | N270: 2026-03 | O270: =COUNTIF(RELATIONSHIPS!$B:$B,A270)+COUNTIF(RELATIONSHIPS!$C:$C,A270) -> 92
A271: DOMAIN-SCRIPTURE | B271: Scripture Domain Anchor | C271: Biblical scripture domain: Old Testament, New Testament, specific verse references, exegesis. Nodes mapping here have direct scriptural support or parallels. | D271: domain | E271: system | F271: domain | H271: DOMAIN | J271: canonical | K271: system | L271: scripture | M271: ai_opus | N271: 2026-03 | O271: =COUNTIF(RELATIONSHIPS!$B:$B,A271)+COUNTIF(RELATIONSHIPS!$C:$C,A271) -> 92
A272: DOMAIN-EVIDENCE | B272: Empirical Evidence Domain Anchor | C272: Empirical evidence domain: experiments, observations, data, statistical analyses. Nodes mapping here have empirical grounding or testable predictions. | D272: domain | E272: system | F272: domain | H272: DOMAIN | J272: canonical | K272: system | L272: evidence | M272: ai_opus | N272: 2026-03 | O272: =COUNTIF(RELATIONSHIPS!$B:$B,A272)+COUNTIF(RELATIONSHIPS!$C:$C,A272) -> 93
A273: DOMAIN-INFORMATION | B273: Information Theory Domain Anchor | C273: Information theory domain: Shannon entropy, Kolmogorov complexity, holographic principle, quantum information. Nodes mapping here have information-theoretic formulations. | D273: domain | E273: system | F273: domain | H273: DOMAIN | J273: canonical | K273: system | L273: information | M273: ai_opus | N273: 2026-03 | O273: =COUNTIF(RELATIONSHIPS!$B:$B,A273)+COUNTIF(RELATIONSHIPS!$C:$C,A273) -> 93
A274: DEEP-020 | B274: Evidence Engine Integration Point | C274: The Evidence Engine (built by Codex) is the Truth Layer's intake pipeline. 112 CSV files processed, 115 Excel files, 1,757 raw rows normalized, 1,167 evidence rows extracted, 11 content buckets. Mapping: Claims Register (CLM-xxx) = NODES tab. Evidence Register (EVD-xxx) = RELATIONSHIPS (facet=evidence). Switchboard (LNK-xxxx) = RELATIONSHIPS edges with weight + confidence + rationale. Artifact Map = Provenance facet (file paths are metadata, not identity). Non-negotiable rules match Truth Layer principles: IDs are permanent (UUID contract), no claim without claim_id (no orphan nodes), no support outside switchboard (evidence IS a relationship), every link has relation + confidence + rationale (edge metadata). | D274: protocol | E274: system | F274: protocol | G274: Type 4 | H274: DEEP | I274: 216 | J274: canonical | K274: david | L274: methodology, data_engineering, epistemology | M274: ai_codex | N274: 2026-03 | O274: =COUNTIF(RELATIONSHIPS!$B:$B,A274)+COUNTIF(RELATIONSHIPS!$C:$C,A274) -> 6
A275: DEEP-021 | B275: The Knowledge Factory (Full Stack) | C275: The complete pipeline: Research papers → Evidence Engine (extracts + normalizes) → Truth Layer (scores + maps) → UADP template (narrates) → Agreement Chain (compares) → Comms Hub (coordinates). This is not a filing system. This is a factory. Raw research goes in one end. Scored, audited, cross-domain-mapped, worldview-compared, T-scored doctoral papers come out the other end. Built in one day across three AI agents (Opus-in-Excel, Codex, Sonnet) coordinated through David as architect. | D275: identification | E275: system | F275: identification | G275: Type 2 | H275: DEEP | I275: 217 | J275: canonical | K275: david | L275: methodology, systems_engineering, epistemology | M275: david | N275: 2026-03 | O275: =COUNTIF(RELATIONSHIPS!$B:$B,A275)+COUNTIF(RELATIONSHIPS!$C:$C,A275) -> 5
A276: DEEP-022 | B276: EXPORTS_INBOX Content Buckets | C276: 15+ months of research corpus categorized into 11 content buckets: Doctor thesis, Foundational Papers, Cross-Domain Coherence, Logos Papers, JS-Series (Incarnation through Ascension), Consciousness papers, Scientific Method, Three Truths, Layer 1 Logic, and more. All dated 2026-03-10. Each bucket maps to a domain in the Truth Layer. Each paper in each bucket will flow through the Evidence Engine, produce CLM/EVD/LNK records, and wire into the Truth Layer as nodes + edges with T-scores. | D276: evidence | E276: system | F276: evidence | G276: Type 4 | H276: DEEP | I276: 218 | J276: active | K276: ai_codex | L276: theology, physics, consciousness, methodology, logic | M276: ai_codex | N276: 2026-03 | O276: =COUNTIF(RELATIONSHIPS!$B:$B,A276)+COUNTIF(RELATIONSHIPS!$C:$C,A276) -> 6

Sheet RELATIONSHIPS
A1: rel_id | B1: source_node | C1: target_node | D1: rel_type | E1: facet | F1: certainty | G1: weight | H1: note | I1: branch_status | J1: death_condition
A2: R001 | B2: Q0 | C2: Q0-A | D2: forces | E2: time | F2: 1 | G2: 1 | H2: Q0 generates branch A | I2: dead_end | J2: self_refutation
A3: R002 | B3: Q0 | C3: Q0-B | D3: forces | E3: time | F3: 1 | G3: 1 | H3: Q0 generates branch B | I3: continues | J3: none
A4: R003 | B4: Q0 | C4: Q0-C | D4: forces | E4: time | F4: 1 | G4: 1 | H4: Q0 generates branch C | I4: dead_end | J4: self_refutation
A5: R004 | B5: Q0 | C5: Q0-D | D5: forces | E5: time | F5: 1 | G5: 1 | H5: Q0 generates branch D | I5: collapses | J5: none
A6: R005 | B6: Q0-D | C6: Q0-B | D6: collapses_to | E6: evidence | F6: 0.9 | G6: 1 | H6: Illusion requires something to be illusory FOR
A7: R006 | B7: Q0-B | C7: Q1 | D7: forces | E7: time | F7: 1 | G7: 1 | H7: Existence forces distinction question | I7: continues | J7: none
A8: R007 | B8: Q1 | C8: Q1-A | D8: forces | E8: time | F8: 1 | G8: 1 | H8: Q1 generates branch A | I8: dead_end | J8: logical_incoherence
A9: R008 | B9: Q1 | C9: Q1-B | D9: forces | E9: time | F9: 1 | G9: 1 | H9: Q1 generates branch B | I9: continues | J9: none
A10: R009 | B10: Q1 | C10: Q1-C | D10: forces | E10: time | F10: 1 | G10: 1 | H10: Q1 generates branch C | I10: problematic | J10: none
A11: R010 | B11: Q1-B | C11: Q2 | D11: forces | E11: time | F11: 1 | G11: 1 | H11: Distinction forces identity question | I11: continues | J11: none
A12: R011 | B12: Q2 | C12: Q2-A | D12: forces | E12: time | F12: 1 | G12: 1 | H12: Q2 generates branch A (matter) | I12: problematic | J12: none
A13: R012 | B13: Q2 | C13: Q2-B | D13: forces | E13: time | F13: 1 | G13: 1 | H13: Q2 generates branch B (mind) | I13: problematic | J13: none
A14: R013 | B14: Q2 | C14: Q2-C | D14: forces | E14: time | F14: 1 | G14: 1 | H14: Q2 generates branch C (information) | I14: continues | J14: none
A15: R014 | B15: Q2 | C15: Q2-D | D15: forces | E15: time | F15: 1 | G15: 1 | H15: Q2 generates branch D (brute) | I15: dead_end | J15: logical_incoherence
A16: R015 | B16: Q2 | C16: Q2-E | D16: forces | E16: time | F16: 1 | G16: 1 | H16: Q2 generates branch E (math) | I16: collapses | J16: none
A17: R016 | B17: Q2 | C17: Q2-F | D17: forces | E17: time | F17: 1 | G17: 1 | H17: Q2 generates branch F (OSR) | I17: collapses | J17: none
A18: R017 | B18: Q2-E | C18: Q2-C | D18: collapses_to | E18: evidence | F18: 0.8 | G18: 1 | H18: Math relations ARE informational structures
A19: R018 | B19: Q2-F | C19: Q2-C | D19: collapses_to | E19: evidence | F19: 0.8 | G19: 1 | H19: Relations without content collapse to Q2-D or Q2-C
A20: R019 | B20: Q2-C | C20: Q3 | D20: forces | E20: time | F20: 1 | G20: 1 | H20: Information primacy forces structure question | I20: continues | J20: none
A21: R020 | B21: Q3 | C21: Q3-A | D21: forces | E21: time | F21: 1 | G21: 1 | H21: Q3 generates branch A (random) | I21: dead_end | J21: empirical_contradiction
A22: R021 | B22: Q3 | C22: Q3-B | D22: forces | E22: time | F22: 1 | G22: 1 | H22: Q3 generates branch B (structure) | I22: continues | J22: none
A23: R022 | B23: Q3 | C23: Q3-C | D23: forces | E23: time | F23: 1 | G23: 1 | H23: Q3 generates branch C (observer-imposed) | I23: problematic | J23: none
A24: R023 | B24: Q3-B | C24: Q4 | D24: forces | E24: time | F24: 1 | G24: 1 | H24: Structure forces grounding question | I24: continues | J24: none
A25: R024 | B25: Q4 | C25: Q4-A | D25: forces | E25: time | F25: 1 | G25: 1 | H25: Q4 generates branch A (brute fact) | I25: explanatory_terminal | J25: explanatory_terminal
A26: R025 | B26: Q4 | C26: Q4-B | D26: forces | E26: time | F26: 1 | G26: 1 | H26: Q4 generates branch B (regress) | I26: dead_end | J26: infinite_regress
A27: R026 | B27: Q4 | C27: Q4-C | D27: forces | E27: time | F27: 1 | G27: 1 | H27: Q4 generates branch C (self-grounding) | I27: continues | J27: none
A28: R027 | B28: Q4 | C28: Q4-D | D28: forces | E28: time | F28: 1 | G28: 1 | H28: Q4 generates branch D (multiverse) | I28: problematic | J28: none
A29: R028 | B29: Q4 | C29: Q4-E | D29: forces | E29: time | F29: 1 | G29: 1 | H29: Q4 generates branch E (illegitimate) | I29: collapses | J29: none
A30: R029 | B30: Q4-E | C30: Q4-A | D30: collapses_to | E30: evidence | F30: 0.9 | G30: 1 | H30: Saying no answer IS accepting brute fact
A31: R030 | B31: Q4-C | C31: Q5 | D31: forces | E31: time | F31: 1 | G31: 1 | H31: Self-grounding forces property derivation | I31: continues | J31: none
A32: R031 | B32: Q5 | C32: Q6 | D32: forces | E32: time | F32: 1 | G32: 1 | H32: Derived properties force actualization question | I32: continues | J32: none
A33: R032 | B33: Q6 | C33: Q6-A | D33: forces | E33: time | F33: 1 | G33: 1 | H33: Q6 generates branch A (self-actualizes) | I33: problematic | J33: none
A34: R033 | B34: Q6 | C34: Q6-B | D34: forces | E34: time | F34: 1 | G34: 1 | H34: Q6 generates branch B (observer required) | I34: continues | J34: none
A35: R034 | B35: Q6 | C35: Q6-C | D35: forces | E35: time | F35: 1 | G35: 1 | H35: Q6 generates branch C (decoherence) | I35: problematic | J35: none
A36: R035 | B36: Q6 | C36: Q6-D | D36: forces | E36: time | F36: 1 | G36: 1 | H36: Q6 generates branch D (all actual) | I36: dead_end | J36: empirical_contradiction
A37: R036 | B37: Q6-B | C37: Q7 | D37: forces | E37: time | F37: 1 | G37: 1 | H37: Observer forces termination question | I37: continues | J37: none
A38: R037 | B38: Q7 | C38: Q7-A | D38: forces | E38: time | F38: 1 | G38: 1 | H38: Q7 generates branch A (infinite) | I38: dead_end | J38: infinite_regress
A39: R038 | B39: Q7 | C39: Q7-B | D39: forces | E39: time | F39: 1 | G39: 1 | H39: Q7 generates branch B (terminal) | I39: continues | J39: none
A40: R039 | B40: Q7 | C40: Q7-C | D40: forces | E40: time | F40: 1 | G40: 1 | H40: Q7 generates branch C (circular) | I40: collapses | J40: none
A41: R040 | B41: Q7 | C41: Q7-D | D41: forces | E41: time | F41: 1 | G41: 1 | H41: Q7 generates branch D (dissolves) | I41: problematic | J41: none
A42: R041 | B42: Q7-C | C42: Q7-B | D42: collapses_to | E42: evidence | F42: 0.7 | G42: 1 | H42: If always running, routes to self-grounding terminal
A43: R042 | B43: Q7-B | C43: Q8 | D43: forces | E43: time | F43: 1 | G43: 1 | H43: Terminal observer forces boundary conditions | I43: continues | J43: none
A44: R043 | B44: Q8 | C44: Q9 | D44: forces | E44: time | F44: 1 | G44: 1 | H44: BCs force identification question | I44: continues | J44: none
A45: R044 | B45: Q9 | C45: Q10 | D45: forces | E45: time | F45: 1 | G45: 1 | H45: Identification forces moral sign question | I45: continues | J45: none
A46: R045 | B46: Q10 | C46: Q10-A | D46: forces | E46: time | F46: 1 | G46: 1 | H46: Q10 generates branch A (self-improve) | I46: dead_end | J46: logical_incoherence
A47: R046 | B47: Q10 | C47: Q10-B | D47: forces | E47: time | F47: 1 | G47: 1 | H47: Q10 generates branch B (grace) | I47: continues | J47: none
A48: R047 | B48: Q10 | C48: Q10-C | D48: forces | E48: time | F48: 1 | G48: 1 | H48: Q10 generates branch C (no moral) | I48: dead_end | J48: logical_incoherence
A49: R048 | B49: Q10-B | C49: Q11 | D49: forces | E49: time | F49: 1 | G49: 1 | H49: Grace forces destiny question | I49: continues | J49: none
A50: R049 | B50: Q11 | C50: Q11-A | D50: forces | E50: time | F50: 1 | G50: 1 | H50: Q11 generates branch A (converge) | I50: dead_end | J50: logical_incoherence
A51: R050 | B51: Q11 | C51: Q11-B | D51: forces | E51: time | F51: 1 | G51: 1 | H51: Q11 generates branch B (two attractors) | I51: continues | J51: none
A52: R051 | B52: Q11 | C52: Q11-C | D52: forces | E52: time | F52: 1 | G52: 1 | H52: Q11 generates branch C (oscillate) | I52: problematic | J52: none
A53: R052 | B53: Q11 | C53: Q11-D | D53: forces | E53: time | F53: 1 | G53: 1 | H53: Q11 generates branch D (annihilation) | I53: dead_end | J53: logical_incoherence
A54: R053 | B54: Q11-B | C54: Q12 | D54: forces | E54: time | F54: 1 | G54: 1 | H54: Two attractors forces uniqueness test | I54: continues | J54: none
A55: R100 | B55: A1.1 | C55: Q0-B | D55: maps_to | E55: context | F55: 1 | G55: 1 | H55: A1.1 IS Q0-B survivor
A56: R101 | B56: A1.2 | C56: Q1-B | D56: maps_to | E56: context | F56: 1 | G56: 1 | H56: A1.2 IS Q1-B survivor
A57: R102 | B57: A1.3 | C57: Q2-C | D57: maps_to | E57: context | F57: 1 | G57: 1 | H57: A1.3 IS Q2-C survivor
A58: R103 | B58: A3.1 | C58: Q3-B | D58: maps_to | E58: context | F58: 1 | G58: 1 | H58: A3.1 IS Q3-B survivor
A59: R104 | B59: A2.2 | C59: Q4-C | D59: maps_to | E59: context | F59: 1 | G59: 1 | H59: A2.2 IS Q4-C survivor
A60: R105 | B60: A5.1 | C60: Q6-B | D60: maps_to | E60: context | F60: 1 | G60: 1 | H60: A5.1 IS Q6-B survivor
A61: R110 | B61: A1.1 | C61: A1.2 | D61: forces | E61: role | F61: 1 | G61: 1 | H61: Existence enables distinction
A62: R111 | B62: A1.2 | C62: A1.3 | D62: forces | E62: role | F62: 1 | G62: 1 | H62: Distinction IS information
A63: R112 | B63: A1.3 | C63: A3.1 | D63: forces | E63: role | F63: 1 | G63: 1 | H63: Information requires structure
A64: R113 | B64: A3.1 | C64: A2.2 | D64: forces | E64: role | F64: 1 | G64: 1 | H64: Structure requires grounding
A65: R114 | B65: A2.2 | C65: A5.1 | D65: forces | E65: role | F65: 1 | G65: 1 | H65: Ground requires observer for actualization
A66: R200 | B66: A1.1 | C66: A1.2 | D66: enables | E66: role | F66: 1 | G66: 1 | H66: A1.1 enables A1.2 | I66: continues | J66: none
A67: R201 | B67: A1.2 | C67: A1.3 | D67: enables | E67: role | F67: 1 | G67: 1 | H67: A1.2 enables A1.3 | I67: continues | J67: none
A68: R202 | B68: A1.1 | C68: D1.1 | D68: enables | E68: role | F68: 1 | G68: 1 | H68: A1.1 enables D1.1 | I68: continues | J68: none
A69: R203 | B69: A1.2 | C69: D1.1 | D69: enables | E69: role | F69: 1 | G69: 1 | H69: A1.2 enables D1.1 | I69: continues | J69: none
A70: R204 | B70: A1.3 | C70: D1.1 | D70: enables | E70: role | F70: 1 | G70: 1 | H70: A1.3 enables D1.1 | I70: continues | J70: none
A71: R205 | B71: A1.1 | C71: D1.2 | D71: enables | E71: role | F71: 1 | G71: 1 | H71: A1.1 enables D1.2 | I71: continues | J71: none
A72: R206 | B72: A1.2 | C72: D1.2 | D72: enables | E72: role | F72: 1 | G72: 1 | H72: A1.2 enables D1.2 | I72: continues | J72: none
A73: R207 | B73: A1.3 | C73: D1.2 | D73: enables | E73: role | F73: 1 | G73: 1 | H73: A1.3 enables D1.2 | I73: continues | J73: none
A74: R208 | B74: D1.1 | C74: D1.2 | D74: enables | E74: role | F74: 1 | G74: 1 | H74: D1.1 enables D1.2 | I74: continues | J74: none
A75: R209 | B75: A1.1 | C75: LN1.1 | D75: enables | E75: role | F75: 1 | G75: 1 | H75: A1.1 enables LN1.1 | I75: continues | J75: none
A76: R210 | B76: A1.2 | C76: LN1.1 | D76: enables | E76: role | F76: 1 | G76: 1 | H76: A1.2 enables LN1.1 | I76: continues | J76: none
A77: R211 | B77: A1.3 | C77: LN1.1 | D77: enables | E77: role | F77: 1 | G77: 1 | H77: A1.3 enables LN1.1 | I77: continues | J77: none
... A1065: R1564 | B1065: DEEP-020 | C1065: DEEP-019 | D1065: enables | E1065: evidence | F1065: 1 | G1065: 1 | H1065: Evidence Engine provides the three streams (logic, revelation, science) as separate tracked pipelines | I1065: continues | J1065: none

Sheet EVIDENCE
A1: evidence_id | B1: target_node | C1: target_rel | D1: direction | E1: source_title | F1: source_author | G1: source_year | H1: source_type | I1: excerpt | J1: confidence | K1: independence | L1: reproducibility | M1: death_tests_survived | N1: stat_sig
A2: EV001 | B2: Q0-A | D2: attacks | E2: Self-refutation analysis | F2: Framework | G2: 2026 | H2: logical_derivation | I2: Denial requires a denier. Proposition destroys itself. | J2: 1 | K2: 1 | L2: 1 | M2: 4
A3: EV002 | B3: Q0-B | D3: supports | E3: Descartes Cogito | F3: Descartes | G3: 1637 | H3: philosophical_argument | I3: Cogito ergo sum — doubting requires a doubter | J3: 0.95 | K3: 0.9 | L3: 1 | M3: 4
A4: EV003 | B4: A1.1 | D4: supports | E4: Self-refutation trap | F4: Framework | G4: 2026 | H4: logical_derivation | I4: Any denial presupposes what it denies | J4: 1 | K4: 1 | L4: 1 | M4: 4
A5: EV004 | B5: A1.1 | D5: supports | E5: QM Vacuum State | F5: Physics | G5: 1948+ | H5: empirical_observation | I5: Vacuum |0> has structure and energy density (rho ~10^-9 J/m3) | J5: 0.95 | K5: 0.95 | L5: 0.95 | M5: 4
A6: EV005 | B6: A1.1 | D6: supports | E6: CMB Temperature | F6: COBE/WMAP/Planck | G6: 1992-2018 | H6: experiment | I6: T = 2.725K — existing structure observed | J6: 0.99 | K6: 0.99 | L6: 0.99 | M6: 4 | N6: 30+ sigma
A7: EV006 | B7: A1.1 | D7: supports | E7: Set Theory | F7: ZFC | G7: 1922+ | H7: mathematical_proof | I7: Empty set exists as mathematical object in V | J7: 1 | K7: 1 | L7: 1 | M7: 4
A8: EV007 | B8: Q2-C | D8: supports | E8: Shannon 1948 | F8: Claude Shannon | G8: 1948 | H8: mathematical_proof | I8: Information = reduction of uncertainty between distinguishable states | J8: 1 | K8: 0.95 | L8: 1 | M8: 4
A9: EV008 | B9: Q3-A | D9: attacks | E9: Observed physics | F9: Empirical | G9: ongoing | H9: empirical_observation | I9: Reality has laws, regularities — contradicts pure randomness | J9: 0.99 | K9: 0.99 | L9: 0.99 | M9: 4
A10: EV009 | B10: Q4-B | D10: attacks | E10: Regress analysis | F10: Framework | G10: 2026 | H10: logical_derivation | I10: Every ground requires deeper ground — never terminates | J10: 1 | K10: 1 | L10: 1 | M10: 4
A11: EV010 | B11: Q6-D | D11: attacks | E11: Double-slit experiment | F11: Physics | G11: 1927+ | H11: experiment | I11: Superposition experimentally verified — interference patterns | J11: 0.99 | K11: 0.99 | L11: 0.99 | M11: 4 | N11: >100 sigma
A12: EV011 | B12: Q7-A | D12: attacks | E12: Von Neumann chain | F12: von Neumann | G12: 1932 | H12: logical_derivation | I12: Same structure as Q4-B infinite regress | J12: 1 | K12: 0.95 | L12: 1 | M12: 4
A13: EV012 | B13: Q10-A | D13: attacks | E13: Commutation proof | F13: Framework (T3.1) | G13: 2026 | H13: mathematical_proof | I13: [sigma-hat, U-hat] = 0 — self-generated ops commute with sign | J13: 0.9 | K13: 0.8 | L13: 0.9 | M13: 3
A14: EV013 | B14: A5.1 | D14: supports | E14: PEAR-LAB data | F14: Jahn/Dunne | G14: 1979-2007 | H14: experiment | I14: 2.5M trials, consciousness-correlated deviations from chance | J14: 0.85 | K14: 0.8 | L14: 0.7 | M14: 3 | N14: 6.35 sigma
A15: EV014 | B15: A5.1 | D15: supports | E15: Global Consciousness Project | F15: Nelson et al. | G15: 1998-2015 | H15: experiment | I15: 325+ event replications, collective consciousness correlations | J15: 0.8 | K15: 0.75 | L15: 0.7 | M15: 3 | N15: 6 sigma
A16: EV015 | B16: DEEP-018 | C16: R844 | D16: supports | E16: 2 Timothy 2:13 — Self-consistency | F16: Paul (attributed) | G16: ~65 AD | H16: scripture | I16: God cannot deny himself. Maps to Q5 derived property: self-consistent. The ground of reality cannot contradict itself without destroying coherence. | J16: 0.8 | K16: 1 | L16: 1 | M16: 4 | N16: N/A
A17: EV016 | B17: DEEP-017 | C17: R840 | D17: supports | E17: Exodus 3:14 — Self-grounding identity | F17: Moses (attributed) | G17: ~1400 BC | H17: scripture | I17: Ehyeh Asher Ehyeh — I AM WHO I AM. Self-identifying, self-grounding. Maps to A1.1 (existence) + Q4-C (self-grounding). Scope: word-level. Precision: 0.43 (maximum). | J17: 0.85 | K17: 1 | L17: 1 | M17: 4 | N17: N/A
A18: EV017 | B18: DEEP-018 | C18: R846 | D18: supports | E18: John 4:24 — Non-materiality | F18: John (attributed) | G18: ~90 AD | H18: scripture | I18: God is spirit. Maps to Q5 derived property: non-material. The ground cannot be composed of what it generates. | J18: 0.75 | K18: 1 | L18: 1 | M18: 3 | N18: N/A
A19: EV018 | B19: DEEP-018 | C19: R846 | D19: supports | E19: John 8:58 — Non-temporality | F19: Jesus (attributed) | G19: ~30 AD | H19: scripture | I19: Before Abraham was, I AM. Maps to Q5 derived: non-temporal. Uses present tense for past reference — the ground exists outside temporal sequence. | J19: 0.8 | K19: 1 | L19: 1 | M19: 3 | N19: N/A
A20: EV019 | B20: DEEP-018 | C20: R848 | D20: supports | E20: Colossians 1:17 — Maximal coherence | F20: Paul (attributed) | G20: ~62 AD | H20: scripture | I20: In him all things hold together. Maps to Q5 derived: maximally coherent = LLC = the coherence integral. The ground is what maintains structural unity across all domains. | J20: 0.8 | K20: 1 | L20: 1 | M20: 3 | N20: N/A
A21: EV020 | B21: DEEP-018 | C21: R845 | D21: supports | E21: Hebrews 6:18 — Non-deceptive | F21: Unknown (attributed) | G21: ~65 AD | H21: scripture | I21: It is impossible for God to lie. Maps to Q5 derived: non-deceptive. A deceptive ground would undermine the information content of everything it generates — incoherent. | J21: 0.75 | K21: 1 | L21: 1 | M21: 3 | N21: N/A
A22: EV021 | B22: DEEP-018 | C22: R846 | D22: supports | E22: John 1:3 — Generative | F22: John (attributed) | G22: ~90 AD | H22: scripture | I22: All things were made through him. Maps to Q5 derived: generative. The ground must be the source of all structure — nothing exists outside its generation. | J22: 0.8 | K22: 1 | L22: 1 | M22: 3 | N22: N/A

Sheet GUIDE
A1: UNIVERSAL 7-FACET TRUTH LAYER — 3 TABLE ARCHITECTURE
A3: DESIGN PRINCIPLE
A4: Every piece of knowledge = a NODE. Nodes alone are just sentences.
A5: RELATIONSHIPS between nodes = reasoning, structure, derivation.
A6: EVIDENCE attached to nodes or relationships = the truth score engine.
A8: THE 8-QUESTION INTAKE (add any node)
A9: # | B9: Facet | C9: Question | D9: Lives In
A10: 0 | B10: SCOPE | C10: What level does this belong to? | D10: NODES.scope
A11: 1 | B11: ENTITY | C11: What thing is being referenced? | D11: NODES.entity_class
A12: 2 | B12: ROLE | C12: What function does it serve? | D12: RELATIONSHIPS.rel_type
A13: 3 | B13: EVIDENCE | C13: What justifies this? | D13: EVIDENCE table
A14: 4 | B14: TIME | C14: Where in sequence? | D14: NODES.chain_pos + RELATIONSHIPS.forces
A15: 5 | B15: OPS | C15: Workflow state? | D15: NODES.ops_status
A16: 6 | B16: CONTEXT | C16: Under which lens? | D16: RELATIONSHIPS (maps_to edges)
A17: 7 | B17: PROVENANCE | C17: Where did this come from? | D17: NODES.created_by + EVIDENCE.source
A19: T-SCORE (Truth Score)
A20: Computed per node: relationship count + (evidence count × 2)
A21: Higher = more tested, more connected, more load-bearing.
A22: A node with T=0 is an orphan claim. A node with T=50 is a model of reality.
A24: THE PREDICTION TEST
A25: Isolate any single column (Entity, Evidence, Context...) and read it top-to-bottom.
A26: If the chain is real, each column reads as a coherent sentence.
A27: Any non-sequitur = hidden assumption or weak node. Fix there.
A29: DEATH CONDITIONS (branch testing)
A30: 1. Self-Refutation — claim destroys itself when stated
A31: 2. Infinite Regress — answer pushes question back forever
A32: 3. Empirical Contradiction — claim contradicts observation
... A61: Same 3 tables. Same 8 questions. Any domain.

Sheet AGREEMENT_CHAINS
A1: node_id | B1: node_title | C1: chain_pos | D1: Theophysics | E1: E.Orthodox | F1: Catholic | G1: Reformed | H1: Open Theism | I1: LDS | J1: Unitarian | K1: Islam | L1: Judaism | M1: Sikhism | N1: Hinduism | O1: Buddhism | P1: Taoism | Q1: Deism | R1: Process Theo | S1: Platonism | T1: Neoplatonism | U1: Stoicism | V1: Panpsychism | W1: Idealism | X1: Sci.Realism | Y1: Materialism | Z1: Existentialism | AA1: Formal-Gödel | AB1: branch_note | AC1: cost_note
A2: A1.1 | B2: Existence | C2: 1 | D2: agrees | E2: agrees | F2: agrees | G2: agrees | H2: agrees | I2: agrees | J2: agrees | K2: agrees | L2: agrees | M2: agrees | N2: agrees | O2: partial | P2: agrees | Q2: agrees | R2: agrees | S2: agrees | T2: agrees | U2: agrees | V2: agrees | W2: agrees | X2: agrees | Y2: agrees | Z2: agrees | AA2: agrees | AB2: Near-universal. Buddhism marks partial: existence is conventional (samvrti-sat), not ultimate (paramartha-sat). But even Buddhism accepts SOMETHING is happening. | AC2: Buddhism pays nothing here yet — the cost comes later when conventional existence must generate real effects.
A3: A1.2 | B3: Distinction | C3: 2 | D3: agrees | E3: agrees | F3: agrees | G3: agrees | H3: agrees | I3: agrees | J3: agrees | K3: agrees | L3: agrees | M3: agrees | N3: agrees | O3: partial | P3: agrees | Q3: agrees | R3: agrees | S3: agrees | T3: agrees | U3: agrees | V3: agrees | W3: agrees | X3: agrees | Y3: agrees | Z3: agrees | AA3: agrees | AB3: Buddhism: distinctions are conventional, not ultimate (two truths doctrine). Taoism agrees but emphasizes that distinctions arise from the undifferentiated Tao.
A4: A1.3 | B4: Information Primacy | C4: 3 | D4: agrees | E4: agrees | F4: agrees | G4: agrees | H4: agrees | I4: partial | J4: agrees | K4: agrees | L4: agrees | M4: agrees | N4: partial | O4: partial | P4: reinterprets | Q4: agrees | R4: agrees | S4: agrees | T4: agrees | U4: reinterprets | V4: agrees | W4: agrees | X4: partial | Y4: diverges | Z4: partial | AA4: agrees | AB4: FIRST REAL BRANCH. Materialism: matter is primary, info derivative. LDS: matter is eternal, not info-derived. Buddhism: emptiness primary, info conventional. Stoicism: logos as rational principle ≈ info, but reinterprets. Hinduism: Brahman is consciousness, info is secondary. Taoism: Tao is prior to info — reinterprets. | AC4: Materialism pays: hard problem of consciousness (cannot explain qualia from matter). LDS pays: must explain information-theoretic results (Wheeler, Landauer) without info primacy.
A5: D1.1 | B5: Information Definition | C5: 4 | D5: agrees | E5: agrees | F5: agrees | G5: agrees | H5: agrees | I5: partial | J5: agrees | K5: agrees | L5: agrees | M5: agrees | N5: partial | O5: partial | P5: silent | Q5: agrees | R5: agrees | S5: agrees | T5: agrees | U5: agrees | V5: agrees | W5: agrees | X5: agrees | Y5: diverges | Z5: silent | AA5: agrees | AB5: Materialism: information = physical patterns, denies irreducibility. Taoism: silent on formal info theory. Buddhism/Hinduism: partial — info exists but is not ultimate. | AC5: Materialism pays: Chinese Room — syntax without semantics. Cannot explain meaning.
A6: D1.2 | B6: Bit Definition | C6: 5 | D6: agrees | E6: agrees | F6: agrees | G6: agrees | H6: agrees | I6: agrees | J6: agrees | K6: agrees | L6: agrees | M6: agrees | N6: silent | O6: silent | P6: silent | Q6: agrees | R6: agrees | S6: agrees | T6: agrees | U6: agrees | V6: agrees | W6: agrees | X6: agrees | Y6: agrees | Z6: silent | AA6: agrees | AB6: Technical definition. Eastern traditions silent (not incompatible). Formal agreement is wide here.
A7: LN1.1 | B7: Matter-Energy Derivative | C7: 6 | D7: agrees | E7: agrees | F7: agrees | G7: agrees | H7: agrees | I7: diverges | J7: agrees | K7: agrees | L7: agrees | M7: agrees | N7: reinterprets | O7: diverges | P7: reinterprets | Q7: partial | R7: agrees | S7: partial | T7: partial | U7: reinterprets | V7: agrees | W7: agrees | X7: partial | Y7: diverges | Z7: silent | AA7: agrees | AB7: MAJOR BRANCH. Materialism: matter is fundamental. LDS: matter is co-eternal with God. Buddhism: both matter and info are empty. Hinduism: matter is maya (illusion), but Brahman ≠ information exactly. Stoicism: logos organizes matter but both exist. | AC7: Materialism pays: fine-tuning problem — no explanation for specific constants. LDS pays: must explain quantum info results. Buddhism pays: must explain why emptiness generates apparent causal structure.
A8: LN1.2 | B8: It From Bit (Wheeler) | C8: 7 | D8: agrees | E8: agrees | F8: agrees | G8: agrees | H8: agrees | I8: diverges | J8: agrees | K8: agrees | L8: agrees | M8: agrees | N8: reinterprets | O8: diverges | P8: reinterprets | Q8: partial | R8: agrees | S8: agrees | T8: partial | U8: reinterprets | V8: agrees | W8: agrees | X8: partial | Y8: diverges | Z8: silent | AA8: agrees | AB8: Wheeler's thesis. Same branch pattern as LN1.1. Platonism agrees more strongly here — Forms are informational.
A9: A2.1 | B9: Substrate Requirement | C9: 8 | D9: agrees | E9: agrees | F9: agrees | G9: agrees | H9: agrees | I9: agrees | J9: agrees | K9: agrees | L9: agrees | M9: agrees | N9: reinterprets | O9: diverges | P9: reinterprets | Q9: partial | R9: agrees | S9: agrees | T9: agrees | U9: silent | V9: partial | W9: partial | X9: partial | Y9: diverges | Z9: silent | AA9: agrees | AB9: Buddhism: sunyata — no substrate needed, emptiness is groundless ground. Materialism: substrate = matter. Hinduism: substrate = Brahman (reinterprets). Panpsychism: substrate = mind-stuff (close but different). | AC9: Buddhism pays: must explain persistence without substrate. Materialism pays: substrate must be self-explaining (regress problem).
A10: A2.2 | B10: Self-Grounding Substrate | C10: 8 | D10: agrees | E10: agrees | F10: agrees | G10: agrees | H10: agrees | I10: partial | J10: agrees | K10: agrees | L10: agrees | M10: agrees | N10: reinterprets | O10: diverges | P10: reinterprets | Q10: partial | R10: reinterprets | S10: agrees | T10: agrees | U10: silent | V10: partial | W10: partial | X10: partial | Y10: diverges | Z10: diverges | AA10: agrees | AB10: KEY NODE. Theophysics: chi-field is self-grounding. LDS: God is self-grounding but material. Process Theology: God is self-grounding but dipolar (reinterprets). Existentialism: existence precedes essence — no self-grounding needed. | AC10: Existentialism pays: no ground for why anything coheres. Raw existence has no structure.
A11: D2.1 | B11: Logos Field χ | C11: 8 | D11: agrees | E11: partial | F11: partial | G11: partial | H11: partial | I11: diverges | J11: partial | K11: partial | L11: partial | M11: partial | N11: partial | O11: diverges | P11: reinterprets | Q11: partial | R11: reinterprets | S11: partial | T11: reinterprets | U11: reinterprets | V11: partial | W11: partial | X11: silent | Y11: diverges | Z11: diverges | AA11: partial | AB11: MAXIMUM INITIAL DIVERGENCE. Most worldviews partially agree with some aspect of a fundamental field/ground but diverge on specifics. E.Orthodox: Logos theology is close but resists physicalization. Islam: Allah's word ≈ Logos but formalization resisted. Stoicism: logos is close but impersonal. Neoplatonism: The One emanates — reinterprets as emanation rather than field. | AC11: Anyone who diverges here must provide their own fundamental substrate explanation.
A12: A3.1 | B12: Order Required | C12: 14 | D12: agrees | E12: agrees | F12: agrees | G12: agrees | H12: agrees | I12: agrees | J12: agrees | K12: agrees | L12: agrees | M12: agrees | N12: agrees | O12: partial | P12: agrees | Q12: agrees | R12: agrees | S12: agrees | T12: agrees | U12: agrees | V12: agrees | W12: agrees | X12: agrees | Y12: diverges | Z12: partial | AA12: agrees | AB12: Wide agreement. Materialism diverges: order can be brute/random. Buddhism: partial — order exists conventionally. Existentialism: partial — order is imposed, not inherent. | AC12: Materialism pays: must explain universal constants as brute facts. No parsimony.
A13: A3.2 | B13: LLC (Complexity Minimization) | C13: 15 | D13: agrees | E13: silent | F13: silent | G13: silent | H13: silent | I13: silent | J13: silent | K13: silent | L13: silent | M13: silent | N13: silent | O13: silent | P13: silent | Q13: silent | R13: partial | S13: partial | T13: silent | U13: silent | V13: silent | W13: silent | X13: silent | Y13: diverges | Z13: silent | AA13: partial | AB13: HONEST BLANK: Most worldviews are silent on this specific formal claim. It's a Theophysics-specific equation. Platonism/Neoplatonism partially agree (Forms are minimal descriptions). Materialism denies (no teleological minimization). | AC13: Silence is not disagreement. Most traditions lack the formal apparatus to evaluate this claim.
A14: T3.1 | B14: Coherence Cannot Self-Increase | C14: 21 | D14: agrees | E14: agrees | F14: agrees | G14: agrees | H14: agrees | I14: partial | J14: agrees | K14: agrees | L14: agrees | M14: partial | N14: partial | O14: diverges | P14: partial | Q14: agrees | R14: diverges | S14: partial | T14: partial | U14: agrees | V14: partial | W14: partial | X14: partial | Y14: diverges | Z14: diverges | AA14: silent | AB14: CRITICAL BRANCH. This is the 2nd Law applied to coherence. Buddhism: self-enlightenment = self-increase → diverges. Hinduism: yogic practice can increase coherence → partial. Process Theology: diverges — God lures but doesn't coerce, creativity is self-increasing. Materialism: self-organization exists → diverges. Existentialism: self-creation of meaning → diverges. Sikhism: partial — grace + effort. | AC14: Everyone who diverges pays: must explain how a closed system increases order without violating thermodynamics. This is not a theological argument — it's physics.
A15: A5.1 | B15: Observer Necessity | C15: 29 | D15: agrees | E15: agrees | F15: agrees | G15: agrees | H15: agrees | I15: agrees | J15: agrees | K15: agrees | L15: agrees | M15: agrees | N15: agrees | O15: diverges | P15: partial | Q15: partial | R15: agrees | S15: partial | T15: partial | U15: partial | V15: agrees | W15: agrees | X15: partial | Y15: diverges | Z15: partial | AA15: agrees | AB15: Buddhism: no ultimate observer (anatman). Materialism: observers are epiphenomenal. Taoism: partial — the sage observes but doesn't cling. Deism: God observes but doesn't intervene (partial). | AC15: Buddhism pays: BC1 fails immediately. Materialism pays: measurement problem unsolved — who collapses the wave function?
A16: A5.2 | B16: Participatory Universe | C16: 30 | D16: agrees | E16: agrees | F16: agrees | G16: agrees | H16: agrees | I16: agrees | J16: partial | K16: partial | L16: partial | M16: partial | N16: reinterprets | O16: diverges | P16: reinterprets | Q16: silent | R16: agrees | S16: partial | T16: partial | U16: silent | V16: agrees | W16: agrees | X16: partial | Y16: diverges | Z16: silent | AA16: agrees | AB16: Wheeler's participatory anthropic principle. Unitarian: partial (de-emphasizes personal participation). Islam/Judaism/Sikhism: partial — God is primary participant, humans secondary. Hinduism: reinterprets as lila (divine play). Buddhism: no self to participate.
A17: D5.1 | B17: Observer Definition | C17: 31 | D17: agrees | E17: agrees | F17: agrees | G17: agrees | H17: agrees | I17: agrees | J17: agrees | K17: agrees | L17: agrees | M17: agrees | N17: reinterprets | O17: reinterprets | P17: reinterprets | Q17: agrees | R17: agrees | S17: partial | T17: partial | U17: partial | V17: agrees | W17: agrees | X17: agrees | Y17: reinterprets | Z17: reinterprets | AA17: agrees | AB17: Technical definition. Eastern traditions reinterpret: observer is not a self (Buddhism), is Atman (Hinduism), is the Tao flowing through (Taoism). Materialism reinterprets: observer = information processing system.
A18: A6.2 | B18: Collapse | C18: 38 | D18: agrees | E18: agrees | F18: agrees | G18: agrees | H18: agrees | I18: agrees | J18: partial | K18: silent | L18: silent | M18: silent | N18: silent | O18: diverges | P18: silent | Q18: silent | R18: agrees | S18: silent | T18: silent | U18: silent | V18: partial | W18: partial | X18: partial | Y18: diverges | Z18: silent | AA18: agrees | AB18: Quantum-specific. Most non-physics traditions are silent (not incompatible). Buddhism diverges: no definite states to collapse to. Materialism: many-worlds (no collapse) or decoherence-only. | AC18: Materialism pays: must accept MWI (infinite unobservable parallel branches) or deny that measurement produces definite outcomes.
A19: A6.3 | B19: Irreversibility | C19: 39 | D19: agrees | E19: agrees | F19: agrees | G19: agrees | H19: agrees | I19: agrees | J19: agrees | K19: silent | L19: silent | M19: silent | N19: silent | O19: silent | P19: silent | Q19: silent | R19: agrees | S19: silent | T19: silent | U19: agrees | V19: partial | W19: partial | X19: agrees | Y19: diverges | Z19: silent | AA19: agrees | AB19: Thermodynamic claim. Stoicism agrees (change is irreversible in the cosmos). Materialism: some interpretations deny irreversibility (MWI — all branches persist).
A20: T6.1 | B20: Von Neumann Chain Termination | C20: 44 | D20: agrees | E20: agrees | F20: agrees | G20: agrees | H20: agrees | I20: agrees | J20: partial | K20: silent | L20: silent | M20: silent | N20: silent | O20: diverges | P20: silent | Q20: partial | R20: agrees | S20: partial | T20: partial | U20: silent | V20: partial | W20: partial | X20: silent | Y20: diverges | Z20: silent | AA20: agrees | AB20: KEY BRANCH. The measurement chain must end somewhere. Materialism: infinite regress is acceptable or the question doesn't apply. Buddhism: no chain to terminate. Unitarian: partial — agrees chain terminates but may not require personal terminator. | AC20: Materialism pays: measurement problem is permanent — no principled account of why we see definite outcomes.
A21: LN6.1 | B21: Terminal Observer Necessity | C21: 45 | D21: agrees | E21: agrees | F21: agrees | G21: agrees | H21: agrees | I21: agrees | J21: partial | K21: agrees | L21: agrees | M21: agrees | N21: partial | O21: diverges | P21: silent | Q21: partial | R21: partial | S21: silent | T21: silent | U21: silent | V21: partial | W21: partial | X21: silent | Y21: diverges | Z21: silent | AA21: partial | AB21: If chain terminates → terminator must exist. Islam/Judaism/Sikhism: agree (God is the ultimate observer). Hinduism: partial (Brahman observes but is not personal in all schools). Buddhism: diverges (no observer at all).
A22: BC1 | B22: Terminal Observer Exists | C22: 58 | D22: agrees | E22: agrees | F22: agrees | G22: agrees | H22: agrees | I22: agrees | J22: partial | K22: agrees | L22: agrees | M22: agrees | N22: partial | O22: diverges | P22: silent | Q22: partial | R22: agrees | S22: partial | T22: partial | U22: silent | V22: partial | W22: partial | X22: silent | Y22: diverges | Z22: silent | AA22: silent | AB22: Buddhism fails BC1: anatman precludes ultimate observer with Φ=∞. Deism: partial — observer exists but relationship to creation uncertain. Panpsychism: partial — mind is everywhere but no single terminal mind. | AC22: Buddhism pays: measurement problem permanent. No coherence ground. No account of why reality produces definite outcomes.
A23: BC2 | B23: Grace External To System | C23: 59 | D23: agrees | E23: agrees | F23: agrees | G23: agrees | H23: agrees | I23: partial | J23: partial | K23: partial | L23: partial | M23: agrees | N23: diverges | O23: diverges | P23: diverges | Q23: diverges | R23: partial | S23: diverges | T23: diverges | U23: diverges | V23: diverges | W23: diverges | X23: diverges | Y23: diverges | Z23: diverges | AA23: silent | AB23: MASSIVE DIVERGENCE. Only Christianity (all variants) and Sikhism fully affirm external grace. Islam: mercy, but earned through submission (partial). Judaism: covenant relationship (partial). LDS: grace + works (partial). Everyone non-theistic diverges entirely. | AC23: Everyone who diverges pays: must explain how a closed system increases its own coherence (violates T3.1). This is the 2nd Law trap — without external input, entropy wins.
A24: BC3 | B24: Measurement Orthogonality | C24: 48 | D24: agrees | E24: agrees | F24: agrees | G24: agrees | H24: agrees | I24: agrees | J24: silent | K24: silent | L24: silent | M24: silent | N24: silent | O24: silent | P24: silent | Q24: silent | R24: partial | S24: silent | T24: silent | U24: silent | V24: silent | W24: silent | X24: silent | Y24: diverges | Z24: silent | AA24: silent | AB24: Technical boundary condition. Most traditions silent — lack formal apparatus. Materialism denies measurement has this structure.
A25: BC4 | B25: Three Observers Required | C25: 49 | D25: agrees | E25: agrees | F25: agrees | G25: diverges | H25: partial | I25: diverges | J25: diverges | K25: diverges | L25: diverges | M25: diverges | N25: diverges | O25: diverges | P25: diverges | Q25: diverges | R25: partial | S25: diverges | T25: diverges | U25: diverges | V25: diverges | W25: diverges | X25: diverges | Y25: diverges | Z25: diverges | AA25: silent | AB25: MAXIMUM DIVERGENCE POINT. Only orthodox Trinitarian Christianity satisfies. Reformed diverges on Open Theism's denial of exhaustive foreknowledge but agrees on Trinity. Open Theism: partial (affirms Trinity but modifies divine knowledge). LDS: diverges (Godhead ≠ Trinity). Islam: tawhid explicitly forbids. Judaism: one God. Process Theology: partial (dipolar God, creative advance — structural similarity). ALL non-Trinitarian worldviews diverge. | AC25: Islam pays: measurement closure impossible with single observer — self-referential loop. Judaism pays: same. Unitarianism pays: same. Hinduism: multiple gods but not the specific 3-observer structure for closure. This is a mathematical constraint, not a theological preference.
A26: BC5 | B26: Superposition Preserved | C26: 50 | D26: agrees | E26: agrees | F26: agrees | G26: agrees | H26: agrees | I26: agrees | J26: silent | K26: silent | L26: silent | M26: silent | N26: silent | O26: diverges | P26: silent | Q26: silent | R26: agrees | S26: silent | T26: silent | U26: silent | V26: partial | W26: partial | X26: silent | Y26: partial | Z26: silent | AA26: agrees | AB26: Quantum-specific. Buddhism diverges: no genuine superposition (emptiness, not indeterminacy). Process Theology agrees: real potentiality.
A27: BC6 | B27: Infinite Energy Source | C27: 51 | D27: agrees | E27: agrees | F27: agrees | G27: agrees | H27: agrees | I27: diverges | J27: partial | K27: agrees | L27: agrees | M27: agrees | N27: partial | O27: diverges | P27: partial | Q27: diverges | R27: diverges | S27: diverges | T27: diverges | U27: diverges | V27: diverges | W27: diverges | X27: diverges | Y27: diverges | Z27: diverges | AA27: silent | AB27: MAJOR BRANCH. LDS: God is finite (within a material cosmos). Deism: creator exists but may not be infinite. All non-theistic traditions: no infinite source. Buddhism: no creator at all. Hinduism: partial — Brahman is infinite but impersonal in Advaita. | AC27: Deism/LDS pay: finite source eventually exhausts → heat death is absolute. No eschatological hope. Non-theists pay: same.
A28: BC7 | B28: Information Conservation | C28: 52 | D28: agrees | E28: agrees | F28: agrees | G28: agrees | H28: agrees | I28: agrees | J28: agrees | K28: agrees | L28: agrees | M28: agrees | N28: agrees | O28: diverges | P28: partial | Q28: agrees | R28: agrees | S28: agrees | T28: agrees | U28: agrees | V28: agrees | W28: agrees | X28: agrees | Y28: partial | Z28: silent | AA28: agrees | AB28: Wide agreement. Buddhism diverges: information is empty/conventional, 'conservation' may not apply to what's ultimately unreal. Materialism: partial — black hole info paradox still debated. Taoism: partial — Tao transforms, unclear if info is conserved. | AC28: Buddhism pays: if info isn't conserved, no continuity of karma across lives — undermines own soteriology.
A29: BC8 | B29: Voluntary Coupling | C29: 53 | D29: agrees | E29: agrees | F29: agrees | G29: diverges | H29: agrees | I29: agrees | J29: agrees | K29: partial | L29: agrees | M29: agrees | N29: partial | O29: partial | P29: agrees | Q29: silent | R29: agrees | S29: silent | T29: silent | U29: agrees | V29: silent | W29: silent | X29: silent | Y29: diverges | Z29: agrees | AA29: silent | AB29: FREE WILL NODE. Reformed (Calvinism): irresistible grace = not voluntary → diverges. Islam: partial — submission required but will is genuinely engaged in most schools. Hinduism/Buddhism: partial — karma determines but choice exists. Materialism: no free will → diverges. | AC29: Reformed pays: if coupling isn't voluntary, love is coerced — degrades the relational structure. Materialism pays: no moral responsibility without free will.
A30: ID7.1 | B30: Terminal Observer Is God | C30: 54 | D30: agrees | E30: agrees | F30: agrees | G30: agrees | H30: agrees | I30: reinterprets | J30: partial | K30: reinterprets | L30: reinterprets | M30: reinterprets | N30: reinterprets | O30: diverges | P30: diverges | Q30: partial | R30: reinterprets | S30: diverges | T30: reinterprets | U30: diverges | V30: diverges | W30: diverges | X30: diverges | Y30: diverges | Z30: diverges | AA30: silent | AB30: Christian worldviews agree. LDS: reinterprets (God is material, exalted man). Islam/Judaism/Sikhism: reinterpret (agree God is terminal but resist 'observer' framing). Hinduism: reinterprets (Brahman, not personal God in all schools). Everything non-theistic diverges. | AC30: Non-theistic worldviews pay: must provide alternative measurement closure mechanism. None has.
A31: PERSONHOOD | B31: God Has Personhood | C31: 55 | D31: agrees | E31: agrees | F31: agrees | G31: agrees | H31: agrees | I31: agrees | J31: partial | K31: agrees | L31: agrees | M31: agrees | N31: partial | O31: diverges | P31: diverges | Q31: partial | R31: diverges | S31: diverges | T31: diverges | U31: diverges | V31: diverges | W31: diverges | X31: diverges | Y31: diverges | Z31: diverges | AA31: silent | AB31: Unitarian: partial (affirms personhood but not Trinitarian). Hinduism: partial (some schools affirm, Advaita denies). Buddhism/Taoism: diverge (no personal ultimate). All philosophical systems: silent or diverge (impersonal principles). | AC31: Impersonal ultimate pays: no relational capacity → no love → no coherence-through-relationship. The coherence gradient requires a relational ground.
A32: A8.1 | B32: Binary Moral Distinction | C32: 56 | D32: agrees | E32: agrees | F32: agrees | G32: agrees | H32: agrees | I32: agrees | J32: partial | K32: agrees | L32: agrees | M32: partial | N32: partial | O32: partial | P32: partial | Q32: silent | R32: partial | S32: partial | T32: partial | U32: partial | V32: silent | W32: silent | X32: silent | Y32: diverges | Z32: diverges | AA32: silent | AB32: Moral realism with binary structure. Unitarian: partial (morality exists but may not be binary). Sikhism: partial (good/evil but more emphasis on haumai/ego). Eastern: moral orientation exists but is gradient, not binary (karma). Materialism: no moral facts. Existentialism: creates own values. | AC32: Gradient-morality pays: no ground state — where is the zero point? Binary gives a clear attractor structure.
A33: T8.1 | B33: Sign Invariance | C33: 56 | D33: agrees | E33: silent | F33: silent | G33: silent | H33: silent | I33: silent | J33: silent | K33: silent | L33: silent | M33: silent | N33: silent | O33: silent | P33: silent | Q33: silent | R33: silent | S33: silent | T33: silent | U33: silent | V33: silent | W33: silent | X33: silent | Y33: diverges | Z33: silent | AA33: silent | AB33: Formal theorem — most traditions lack apparatus to evaluate. Materialism: denies the premise (no moral sign to preserve). Theophysics-specific formalization. | AC33: Silence ≠ disagreement. This is a technical result from the axiom chain.
A34: C8.1 | B34: Self-Flip Impossible | C34: 57 | D34: agrees | E34: agrees | F34: agrees | G34: agrees | H34: agrees | I34: partial | J34: partial | K34: partial | L34: partial | M34: partial | N34: diverges | O34: diverges | P34: diverges | Q34: silent | R34: diverges | S34: diverges | T34: diverges | U34: partial | V34: silent | W34: silent | X34: silent | Y34: diverges | Z34: diverges | AA34: silent | AB34: CRITICAL BRANCH. Buddhism: self-enlightenment IS the path → diverges. Hinduism: moksha through practice → diverges. Taoism: wu-wei achieves alignment → diverges. Process Theology: self-creativity → diverges. Stoicism: partial — virtue through own effort but within cosmic logos. Islam/Judaism/Sikhism: partial — grace exists but effort also contributes. LDS/Unitarian: partial — synergistic model. | AC34: Everyone who affirms self-transformation pays: must explain how a system in state σ=-1 generates the operator to flip to σ=+1 using only internal resources. This is the bootstrap problem — you need what you don't have to get what you need.
A35: A9.1 | B35: External Intervention Required | C35: 59 | D35: agrees | E35: agrees | F35: agrees | G35: agrees | H35: agrees | I35: partial | J35: partial | K35: partial | L35: partial | M35: partial | N35: diverges | O35: diverges | P35: diverges | Q35: diverges | R35: partial | S35: diverges | T35: diverges | U35: diverges | V35: diverges | W35: diverges | X35: diverges | Y35: diverges | Z35: diverges | AA35: silent | AB35: MOST DIVISIVE NODE. Only Trinitarian Christianity fully affirms pure external grace. Islam/Judaism/Sikhism: partial — divine assistance exists but is mixed with human effort. LDS/Unitarian: partial — synergistic. ALL Eastern and philosophical traditions: diverge (self-liberation possible). Process Theology: partial — God lures but doesn't override. | AC35: Self-liberation traditions pay: thermodynamic cost. Must explain coherence increase from within a closed system. The 2nd Law is not a metaphor — it's a constraint.
A36: D9.1 | B36: Grace Operator (Non-Unitary) | C36: 61 | D36: agrees | E36: partial | F36: partial | G36: partial | H36: partial | I36: partial | J36: partial | K36: reinterprets | L36: reinterprets | M36: reinterprets | N36: diverges | O36: diverges | P36: diverges | Q36: diverges | R36: partial | S36: diverges | T36: diverges | U36: diverges | V36: diverges | W36: diverges | X36: diverges | Y36: diverges | Z36: diverges | AA36: silent | AB36: Even within Christianity, the FORMAL definition is novel. E.Orthodox/Catholic/Reformed/etc.: agree on grace but may resist mathematical formalization (partial). Islam: reinterprets as tawba/mercy. Judaism: reinterprets as covenant renewal. Eastern/philosophical: diverge entirely. | AC36: The formalization is Theophysics-specific. The CONCEPT of external grace is what matters at the worldview level. The math is the honest blank.
A37: A10.1 | B37: Consciousness Substrate | C37: 82 | D37: agrees | E37: agrees | F37: agrees | G37: agrees | H37: agrees | I37: agrees | J37: agrees | K37: agrees | L37: agrees | M37: agrees | N37: reinterprets | O37: reinterprets | P37: silent | Q37: partial | R37: agrees | S37: reinterprets | T37: reinterprets | U37: silent | V37: agrees | W37: agrees | X37: partial | Y37: diverges | Z37: partial | AA37: silent | AB37: Individual consciousness as localized field. Hinduism: reinterprets as Atman. Buddhism: reinterprets as mindstream (no permanent self). Materialism: denies — consciousness = brain activity. | AC37: Materialism pays: hard problem of consciousness is permanent.
A38: A10.2 | B38: Soul Conservation | C38: 83 | D38: agrees | E38: agrees | F38: agrees | G38: agrees | H38: agrees | I38: agrees | J38: partial | K38: agrees | L38: agrees | M38: agrees | N38: reinterprets | O38: diverges | P38: silent | Q38: partial | R38: agrees | S38: reinterprets | T38: reinterprets | U38: silent | V38: partial | W38: partial | X38: silent | Y38: diverges | Z38: diverges | AA38: silent | AB38: Buddhism: no permanent soul → diverges. Hinduism: Atman is eternal → reinterprets (agrees on persistence, disagrees on nature). Existentialism: no essence to conserve. | AC38: Buddhism pays: must explain continuity of karmic effects across lives without a conserved substrate. This is an internal tension within Buddhist metaphysics.
... A40: A11.2 | B40: Coherence-Morality Identity | C40: 89 | D40: agrees | E40: partial | F40: partial | G40: partial | H40: partial | I40: partial | J40: partial | K40: reinterprets | L40: reinterprets | M40: reinterprets | N40: reinterprets | O40: partial | P40: reinterprets | Q40: silent | R40: partial | S40: partial | T40: partial | U40: partial | V40: partial | W40: partial | X40: silent | Y40: diverges | Z40: diverges | AA40: silent | AB40: THEOPHYSICS-SPECIFIC. Goodness = coherence maximization. Most traditions partially agree (goodness and order are related) but resist formal identification. Islam/Judaism/Sikhism: reinterpret — goodness = divine will, not coherence per se. Taoism: harmony ≈ coherence (reinterprets). Buddhism: partial — right action reduces suffering, not identical to coherence. | AC40: This is where the framework makes its most original claim. Resistance is expected — the formal identification is novel.
A41: A12.1 | B41: Asymptotic Behavior | C41: 93 | D41: agrees | E41: agrees | F41: agrees | G41: agrees | H41: agrees | I41: agrees | J41: partial | K41: agrees | L41: agrees | M41: agrees | N41: agrees | O41: partial | P41: partial | Q41: partial | R41: agrees | S41: partial | T41: partial | U41: partial | V41: silent | W41: silent | X41: partial | Y41: diverges | Z41: diverges | AA41: silent | AB41: Most theistic traditions agree: history has a trajectory. Buddhism: partial — cycles, not linear. Taoism: partial — cycles of yin/yang. Materialism: heat death — but no meaning. Existentialism: no cosmic trajectory.
A42: A12.2 | B42: Bimodal Outcome | C42: 94 | D42: agrees | E42: agrees | F42: agrees | G42: agrees | H42: agrees | I42: partial | J42: diverges | K42: agrees | L42: partial | M42: partial | N42: partial | O42: diverges | P42: diverges | Q42: diverges | R42: partial | S42: diverges | T42: diverges | U42: diverges | V42: diverges | W42: diverges | X42: diverges | Y42: diverges | Z42: diverges | AA42: silent | AB42: Heaven/Hell as bimodal attractors. Unitarianism: universalism → diverges. Buddhism: no eternal states → diverges. Taoism: no bimodal outcome → diverges. LDS: partial (degrees of glory, not strict binary). Judaism: partial (olam ha-ba ambiguous). Deism: no afterlife doctrine. | AC42: Universalism pays: no consequence for σ=-1 → no gradient → no coherence pressure. Why be coherent if all paths converge?
A43: T12.1 | B43: Heaven As High-Φ Attractor | C43: 98 | D43: agrees | E43: agrees | F43: agrees | G43: agrees | H43: agrees | I43: partial | J43: diverges | K43: reinterprets | L43: partial | M43: partial | N43: reinterprets | O43: diverges | P43: silent | Q43: diverges | R43: partial | S43: diverges | T43: diverges | U43: diverges | V43: diverges | W43: diverges | X43: diverges | Y43: diverges | Z43: diverges | AA43: silent | AB43: Theophysics-specific formalization. Islam: reinterprets (Jannah is reward, not Φ-attractor). Hinduism: reinterprets (moksha = liberation from cycle, not integration). Others: silent or diverge.
A44: A13.1 | B44: Chi Mediates Unification | C44: 100 | D44: agrees | E44: silent | F44: silent | G44: silent | H44: silent | I44: silent | J44: silent | K44: silent | L44: silent | M44: silent | N44: silent | O44: silent | P44: silent | Q44: silent | R44: partial | S44: silent | T44: silent | U44: silent | V44: silent | W44: silent | X44: partial | Y44: diverges | Z44: silent | AA44: silent | AB44: Physics-specific claim. Most worldviews silent. Sci.Realism: partial (agrees unification is needed, unsure chi is the mechanism). Process Theology: partial (creative advance unifies).
A45: T13.1 | B45: Dark Energy = Chi Potential | C45: 104 | D45: agrees | E45: silent | F45: silent | G45: silent | H45: silent | I45: silent | J45: silent | K45: silent | L45: silent | M45: silent | N45: silent | O45: silent | P45: silent | Q45: silent | R45: silent | S45: silent | T45: silent | U45: silent | V45: silent | W45: silent | X45: partial | Y45: diverges | Z45: silent | AA45: silent | AB45: Highly specific prediction. Nearly universal silence — this is testable physics, not worldview-dependent. Materialism diverges (dark energy is vacuum energy, not a logos field). | AC45: This is where Theophysics makes a falsifiable physics prediction. If dark energy ≠ chi potential, this node dies.
A46: T16.1 | B46: Christianity: 8/8 BCs | C46: 114 | D46: agrees | E46: agrees | F46: agrees | G46: partial | H46: partial | I46: partial | J46: diverges | K46: diverges | L46: diverges | M46: diverges | N46: diverges | O46: diverges | P46: diverges | Q46: diverges | R46: partial | S46: diverges | T46: diverges | U46: diverges | V46: diverges | W46: diverges | X46: diverges | Y46: diverges | Z46: diverges | AA46: silent | AB46: THE UNIQUENESS CLAIM. Only Trinitarian Christianity satisfies all 8. Open Theism: partial (modifies BC relating to divine knowledge). LDS: partial (fails BC6 — God is material/finite). Unitarianism: diverges (fails BC4). Process Theology: partial (close but fails on sovereignty). ALL non-Christian worldviews diverge. | AC46: This is the testable core. If ANY worldview satisfies all 8 BCs, the uniqueness claim falls. That's FALS18.3.
A47: T16.2 | B47: Islam: Fails BC4 | C47: 115 | D47: agrees | E47: agrees | F47: agrees | G47: agrees | H47: agrees | I47: agrees | J47: agrees | K47: diverges | L47: silent | M47: silent | N47: silent | O47: silent | P47: silent | Q47: silent | R47: silent | S47: silent | T47: silent | U47: silent | V47: silent | W47: silent | X47: silent | Y47: silent | Z47: silent | AA47: silent | AB47: Tawhid (radical divine oneness) precludes internal observer-plurality needed for measurement closure. This is a mathematical constraint, not a theological insult. | AC47: Islam pays: must provide alternative measurement closure mechanism with a single observer. Self-observation creates logical loop (Gödel).
A48: T16.4 | B48: Buddhism: Fails BC1 | C48: 117 | D48: agrees | E48: agrees | F48: agrees | G48: agrees | H48: agrees | I48: agrees | J48: agrees | K48: silent | L48: silent | M48: silent | N48: silent | O48: diverges | P48: silent | Q48: silent | R48: silent | S48: silent | T48: silent | U48: silent | V48: silent | W48: silent | X48: silent | Y48: silent | Z48: silent | AA48: silent | AB48: Anatman + sunyata preclude terminal observer with Φ=∞. No permanent self, no ultimate ground. | AC48: Buddhism pays: measurement problem permanent. No ground for why anything is actual rather than potential.
A49: T16.6 | B49: Atheism: Fails BC1-8 | C49: 119 | D49: agrees | E49: agrees | F49: agrees | G49: agrees | H49: agrees | I49: agrees | J49: agrees | K49: silent | L49: silent | M49: silent | N49: silent | O49: silent | P49: silent | Q49: silent | R49: silent | S49: silent | T49: silent | U49: silent | V49: silent | W49: silent | X49: silent | Y49: diverges | Z49: diverges | AA49: silent | AB49: No transcendent ground = no Terminal Observer, no grace, no soul persistence, no measurement closure, no moral ground. Fails all boundary conditions. | AC49: Materialism/Existentialism pay: every boundary condition is an open problem with no path to resolution.
A50: P5 | B50: Incompleteness Stage | C50: 166 | D50: agrees | E50: agrees | F50: agrees | G50: agrees | H50: agrees | I50: agrees | J50: agrees | K50: agrees | L50: agrees | M50: agrees | N50: silent | O50: silent | P50: silent | Q50: agrees | R50: agrees | S50: agrees | T50: agrees | U50: silent | V50: silent | W50: silent | X50: agrees | Y50: partial | Z50: silent | AA50: diverges | AB50: GÖDEL BRANCH. Formal-only position: incompleteness applies ONLY to formal grammar systems, not ontology. Theophysics: if reality is informational (agreed at A1.3) and information systems are formal (agreed at D1.1-D1.2), then incompleteness applies to reality. The formal-only position must break its earlier agreement at A1.3 or explain why informational reality is not a formal system. | AC50: Formal-only pays: must deny information primacy (breaks A1.3 agreement) OR must explain why informational reality escapes Gödel. Both are expensive — the first abandons common ground, the second requires an ad hoc distinction.
A51: FINAL-1 | B51: Logos Theorem | C51: 184 | D51: agrees | E51: partial | F51: partial | G51: partial | H51: partial | I51: partial | J51: diverges | K51: reinterprets | L51: reinterprets | M51: reinterprets | N51: reinterprets | O51: diverges | P51: reinterprets | Q51: diverges | R51: partial | S51: partial | T51: reinterprets | U51: diverges | V51: diverges | W51: diverges | X51: diverges | Y51: diverges | Z51: diverges | AA51: silent | AB51: Master theorem: all axioms derive from and return to Logos. Christian variants: partial — agree theologically, may resist formalization. Abrahamic: reinterpret through own theological framework. Eastern: reinterpret through own metaphysics or diverge.
A52: OMEGA | B52: Final Axiom | C52: 188 | D52: agrees | E52: partial | F52: partial | G52: partial | H52: partial | I52: partial | J52: diverges | K52: reinterprets | L52: reinterprets | M52: reinterprets | N52: reinterprets | O52: diverges | P52: silent | Q52: diverges | R52: partial | S52: partial | T52: reinterprets | U52: diverges | V52: diverges | W52: diverges | X52: diverges | Y52: diverges | Z52: diverges | AA52: silent | AB52: Alpha → Omega circuit complete. Same pattern as FINAL-1. The closure loop is a specifically Christian eschatological structure (Rev 22:13). Other traditions have cyclic (Hinduism) or open-ended (Buddhism) or single-terminus (Islam) eschatologies.
